OlympiadID,Property,Value
eliozo:EE.LHT,olympiadCountry,EE
eliozo:EE.LHT,olympiadCode,LHT
eliozo:EE.LHT,olympiadDescriptionEn,Igaunijas atklātā olimpiāde (Lahtised matemaatikavõistlused)
eliozo:EE.LHT,olympiadDescriptionLt,Estijos atviros matematikos varžybos (Lahtised matemaatikavõistlused)
eliozo:EE.LHT,olympiadDescriptionLv,Igaunijas atklātā olimpiāde (Lahtised matemaatikavõistlused)
eliozo:EE.LHT,olympiadNameEn,Estonian Open Mathematical Competition
eliozo:EE.LHT,olympiadNameLt,Estijos atviros matematikos varžybos
eliozo:EE.LHT,olympiadNameLv,Igaunijas atklātās matemātikas sacensības
eliozo:EE.LO,olympiadCountry,EE
eliozo:EE.LO,olympiadCode,LO
eliozo:EE.LO,olympiadDescriptionEn,"Estonian Mathematical Olympiad, Final Round (Matemaatikaolümpiaadi lõppvoorud)"
eliozo:EE.LO,olympiadDescriptionLt,Estijos matematikos olimpiados finalinis turas (Matemaatikaolümpiaadi lõppvoorud)
eliozo:EE.LO,olympiadDescriptionLv,Igaunijas matemātikas olimpiādes noslēguma kārta (Matemaatikaolümpiaadi lõppvoorud)
eliozo:EE.LO,olympiadNameEn,"Estonian Mathematical Olympiad, Final Round"
eliozo:EE.LO,olympiadNameLt,Estijos matematikos olimpiados finalinis turas
eliozo:EE.LO,olympiadNameLv,Igaunijas olimpiādes noslēguma kārta
eliozo:EE.PK,olympiadCountry,EE
eliozo:EE.PK,olympiadCode,PK
eliozo:EE.PK,olympiadDescriptionEn,"Estonian Mathematical Olympiad, Regional Round (Matemaatikaolümpiaadi piirkonnavoorud)"
eliozo:EE.PK,olympiadDescriptionLt,Estijos matematikos olimpiados rajoniniai turai (Matemaatikaolümpiaadi piirkonnavoorud)
eliozo:EE.PK,olympiadDescriptionLv,Igaunijas matemātikas olimpiādes reģionu kārta (Matemaatikaolümpiaadi piirkonnavoorud)
eliozo:EE.PK,olympiadNameEn,"Estonian Mathematical Olympiad, Regional Round"
eliozo:EE.PK,olympiadNameLt,Estijos matematikos olimpiados rajoniniai turai
eliozo:EE.PK,olympiadNameLv,Igaunijas matemātikas olimpiādes reģionu kārta
eliozo:EE.TST,olympiadCountry,EE
eliozo:EE.TST,olympiadCode,TST
eliozo:EE.TST,olympiadDescriptionEn,Estonian Team Selection Test (Eesti IMO-võistkonna valikvõistlused)
eliozo:EE.TST,olympiadDescriptionLt,Estijos atrankos varžybos (Eesti IMO-võistkonna valikvõistlused)
eliozo:EE.TST,olympiadDescriptionLv,Igaunijas atlases sacensības (Eesti IMO-võistkonna valikvõistlused)
eliozo:EE.TST,olympiadNameEn,Estonian Team Selection Test 
eliozo:EE.TST,olympiadNameLt,Estijos atrankos varžybos
eliozo:EE.TST,olympiadNameLv,Igaunijas atlases sacensības
eliozo:WW.IMOSHL,olympiadCountry,WW
eliozo:WW.IMOSHL,olympiadCode,IMOSHL
eliozo:WW.IMOSHL,olympiadDescriptionEn,"International Mathematical Olympiad (IMO), Shortlist"
eliozo:WW.IMOSHL,olympiadDescriptionLt,"Tarptautinė matematikos olimpiada (IMO), trumpasis sąrašas"
eliozo:WW.IMOSHL,olympiadDescriptionLv,"Starptautiskā matemātikas olimpiāde (IMO), īsais saraksts"
eliozo:WW.IMOSHL,olympiadNameEn,"International Mathematical Olympiad (IMO), Shortlist"
eliozo:WW.IMOSHL,olympiadNameLt,"Tarptautinė matematikos olimpiada (IMO), trumpasis sąrašas"
eliozo:WW.IMOSHL,olympiadNameLv,"Starptautiskā matemātikas olimpiāde (IMO), īsais saraksts"
eliozo:LT.LDK,olympiadCountry,LT
eliozo:LT.LDK,olympiadCode,LDK
eliozo:LT.LDK,olympiadDescriptionEn,Mathematical Competition in the Honor of Grand Duchy of Lithuania (Matematinės varžybos Lietuvos Didžiosios Kunigaikštystės garbei)
eliozo:LT.LDK,olympiadDescriptionLt,Matematinės varžybos Lietuvos Didžiosios Kunigaikštystės garbei
eliozo:LT.LDK,olympiadDescriptionLv,Matemātikas sacensības Lietuvas Lielkņazistes godam (Matematinės varžybos Lietuvos Didžiosios Kunigaikštystės garbei)
eliozo:LT.LDK,olympiadNameEn,Mathematical Competition in Honor of Grand Duchy of Lithuania
eliozo:LT.LDK,olympiadNameLt,Matematinės varžybos Lietuvos Didžiosios Kunigaikštystės garbei
eliozo:LT.LDK,olympiadNameLv,Matemātikas sacensības Lietuvas Lielkņazistes godam
eliozo:LT.LJMO,olympiadCountry,LT
eliozo:LT.LJMO,olympiadCode,LJMO
eliozo:LT.LJMO,olympiadDescriptionEn,Lithuanian Junior Mathematical Olympiad (Lietuvos jaunesniųjų klasių matematikos olimpiada)
eliozo:LT.LJMO,olympiadDescriptionLt,Lietuvos jaunesniųjų klasių matematikos olimpiada (Lietuvos 5–6 bei 7–8 klasių mokinių matematikos olimpiada)
eliozo:LT.LJMO,olympiadDescriptionLv,Lietuvas jaunāko klašu matemātikas olimpiāde (Lietuvos jaunesniųjų klasių matematikos olimpiada)
eliozo:LT.LJMO,olympiadNameEn,Lithuanian Junior Mathematical Olympiad
eliozo:LT.LJMO,olympiadNameLt,Lietuvos jaunesniųjų klasių matematikos olimpiada
eliozo:LT.LJMO,olympiadNameLv,Lietuvas jaunāko klašu matemātikas olimpiāde
eliozo:LT.LKMMO,olympiadCountry,LT
eliozo:LT.LKMMO,olympiadCode,LKMMO
eliozo:LT.LKMMO,olympiadDescriptionEn,Lithuanian School Team Mathematical Olympiad to Win J.Kubilius Cup (Lietuvos komandinė mokinių matematikos olimpiada prof. Jono Kubiliaus taurei laimėti)
eliozo:LT.LKMMO,olympiadDescriptionLt,Lietuvos komandinė mokinių matematikos olimpiada prof. Jono Kubiliaus taurei laimėti
eliozo:LT.LKMMO,olympiadDescriptionLv,Lietuvas skolēnu komandu matemātikas olimpiāde par J.Kubiļus kausu (Lietuvos komandinė mokinių matematikos olimpiada prof. Jono Kubiliaus taurei laimėti)
eliozo:LT.LKMMO,olympiadNameEn,Lithuanian School Team Mathematical Olympiad
eliozo:LT.LKMMO,olympiadNameLt,Lietuvos komandinė mokinių matematikos olimpiada
eliozo:LT.LKMMO,olympiadNameLv,Lietuvas skolēnu komandu matemātikas olimpiāde
eliozo:LT.LMMO,olympiadCountry,LT
eliozo:LT.LMMO,olympiadCode,LMMO
eliozo:LT.LMMO,olympiadDescriptionEn,Lithuanian School Mathematical Olympiad (Lietuvos mokinių matematikos olimpiada)
eliozo:LT.LMMO,olympiadDescriptionLt,Lietuvos mokinių matematikos olimpiada
eliozo:LT.LMMO,olympiadDescriptionLv,Lietuvas skolēnu matemātikas olimpiāde (Lietuvos mokinių matematikos olimpiada)
eliozo:LT.LMMO,olympiadNameEn,Lithuanian School Mathematical Olympiad
eliozo:LT.LMMO,olympiadNameLt,Lietuvos mokinių matematikos olimpiada
eliozo:LT.LMMO,olympiadNameLv,Lietuvas skolēnu matemātikas olimpiāde
eliozo:LT.SAV,olympiadCountry,LT
eliozo:LT.SAV,olympiadCode,SAV
eliozo:LT.SAV,olympiadDescriptionEn,"Lithuanian School Mathematical Olympiad, Municipal Round (Lietuvos mokinių matematikos olimpiados savivaldybių etapas)"
eliozo:LT.SAV,olympiadDescriptionLt,Lietuvos mokinių matematikos olimpiados savivaldybių etapas
eliozo:LT.SAV,olympiadDescriptionLv,Lietuvas skolēnu matemātikas olimpiādes pašvaldību kārta (Lietuvos mokinių matematikos olimpiados savivaldybių etapas)
eliozo:LT.SAV,olympiadNameEn,"Lithuanian School Mathematical Olympiad, Municipal Round"
eliozo:LT.SAV,olympiadNameLt,Lietuvos mokinių matematikos olimpiados savivaldybių etapas
eliozo:LT.SAV,olympiadNameLv,Lietuvas skolēnu matemātikas olimpiādes pašvaldību kārta
eliozo:LT.TST,olympiadCountry,LT
eliozo:LT.TST,olympiadCode,TST
eliozo:LT.TST,olympiadDescriptionEn,Lithuanian Team Selection Test (Atrankos į pasaulinę (IMO) ir Vidurio Europos (MEMO) olimpiadas)
eliozo:LT.TST,olympiadDescriptionLt,Lietuvos atrankos į pasaulinę (IMO) ir Vidurio Europos (MEMO) olimpiadas
eliozo:LT.TST,olympiadDescriptionLv,Lietuvas atlases sacensības (Atrankos į pasaulinę (IMO) ir Vidurio Europos (MEMO) olimpiadas)
eliozo:LT.TST,olympiadNameEn,Lithuanian Team Selection Test
eliozo:LT.TST,olympiadNameLt,Lietuvos atrankos į IMO ir MEMO olimpiadas
eliozo:LT.TST,olympiadNameLv,Lietuvas atlases sacensības
eliozo:LT.VUMIF,olympiadCountry,LT
eliozo:LT.VUMIF,olympiadCode,VUMIF
eliozo:LT.VUMIF,olympiadDescriptionEn,Mathematical Olympiad of Vilnius University Mathematics and Informatics Department (Vilniaus Universiteto Matematikos ir Informatikos Fakulteto matematikos olimpiada)
eliozo:LT.VUMIF,olympiadDescriptionLt,Vilniaus Universiteto Matematikos ir Informatikos Fakulteto matematikos olimpiada
eliozo:LT.VUMIF,olympiadDescriptionLv,Viļņas Universitātes Matemātikas un informātikas fakultātes matemātikas olimpiāde (Vilniaus Universiteto Matematikos ir Informatikos Fakulteto matematikos olimpiada)
eliozo:LT.VUMIF,olympiadNameEn,Mathematical Olympiad of Vilnius University MIF
eliozo:LT.VUMIF,olympiadNameLt,Vilniaus Universiteto MIF matematikos olimpiada
eliozo:LT.VUMIF,olympiadNameLv,Viļņas Universitātes MIF matemātikas olimpiāde
eliozo:LV.AMO,olympiadCountry,LV
eliozo:LV.AMO,olympiadCode,AMO
eliozo:LV.AMO,olympiadDescriptionEn,Latvian Open Mathematical Olympiad (Atklātā matemātikas olimpiāde)
eliozo:LV.AMO,olympiadDescriptionLt,Latvijos atviroji matematikos olimpiada (Atklātā matemātikas olimpiāde)
eliozo:LV.AMO,olympiadDescriptionLv,Atklātā matemātikas olimpiāde
eliozo:LV.AMO,olympiadNameEn,Latvian Open Mathematical Olympiad
eliozo:LV.AMO,olympiadNameLt,Latvijos atviroji matematikos olimpiada
eliozo:LV.AMO,olympiadNameLv,Latvijas Atklātā matemātikas olimpiāde
eliozo:LV.NOL,olympiadCountry,LV
eliozo:LV.NOL,olympiadCode,NOL
eliozo:LV.NOL,olympiadDescriptionEn,Latvian Municipal Olympiad (Novada olimpiāde)
eliozo:LV.NOL,olympiadDescriptionLt,Latvijos savivaldybių olimpiada (Novada olimpiāde)
eliozo:LV.NOL,olympiadDescriptionLv,Novada olimpiāde (Latvijas matemātikas olimpiādes 2. posms)
eliozo:LV.NOL,olympiadNameEn,Latvian Municipal Olympiad
eliozo:LV.NOL,olympiadNameLt,Latvijos savivaldybių olimpiada
eliozo:LV.NOL,olympiadNameLv,Novada olimpiāde
eliozo:LV.SOL,olympiadCountry,LV
eliozo:LV.SOL,olympiadCode,SOL
eliozo:LV.SOL,olympiadDescriptionEn,Latvian Preliminary Olympiad (Sagatavošanās olimpiāde)
eliozo:LV.SOL,olympiadDescriptionLt,Latvijos pasiruošimo olimpiada (Sagatavošanās olimpiāde)
eliozo:LV.SOL,olympiadDescriptionLv,Latvijas sagatavošanās olimpiāde (Valsts matemātikas olimpiādes 1. posms)
eliozo:LV.SOL,olympiadNameEn,Latvian Preliminary Olympiad
eliozo:LV.SOL,olympiadNameLt,Latvijos pasiruošimo olimpiada
eliozo:LV.SOL,olympiadNameLv,Latvijas sagatavošanās olimpiāde
eliozo:LV.TST,olympiadCountry,LV
eliozo:LV.TST,olympiadCode,TST
eliozo:LV.TST,olympiadDescriptionEn,Latvian Team Selection Test (Papildsacensības par vietu izlasē)
eliozo:LV.TST,olympiadDescriptionLt,Latvijos atrankos varžybos (Papildsacensības par vietu izlasē)
eliozo:LV.TST,olympiadDescriptionLv,Papildsacensības par vietu izlasē
eliozo:LV.TST,olympiadNameEn,Latvian Team Selection Test
eliozo:LV.TST,olympiadNameLt,Latvijos atrankos varžybos
eliozo:LV.TST,olympiadNameLv,Latvijas papildsacensības par vietu izlasē
eliozo:LV.VOL,olympiadCountry,LV
eliozo:LV.VOL,olympiadCode,VOL
eliozo:LV.VOL,olympiadDescriptionEn,Latvian State Olympiad (Valsts olimpiāde)
eliozo:LV.VOL,olympiadDescriptionLt,Latvijos valstybinė olimpiada (Valsts olimpiāde)
eliozo:LV.VOL,olympiadDescriptionLv,Latvijas valsts olimpiāde (Latvijas matemātikas olimpiādes 3. posms)
eliozo:LV.VOL,olympiadNameEn,Latvian State Olympiad
eliozo:LV.VOL,olympiadNameLt,Latvijos valstybinė olimpiada
eliozo:LV.VOL,olympiadNameLv,Latvijas valsts olimpiāde