Problem,Property,Value,Text
LV.AMO.2011.5.1,youtube,tWx-UGFeuSA,
LV.AMO.2011.5.1,topic,integer-factorization,
LV.AMO.2011.5.1,title,"AMO2011, 5.klases 1.uzdevums",
LV.AMO.2011.5.1,bookmark,5,Uzdevuma saprašana: Piemērā abi reizinātāji ir īsti divciparu skaitļi.
LV.AMO.2011.5.1,bookmark,45,Uzdevuma saprašana: Kādēļ pilnā pārlase neder.
LV.AMO.2011.5.1,bookmark,78,"Uzdevuma saprašana: Izmantojam vienādības labo pusi, lai samazinātu meklējumu telpu."
LV.AMO.2011.5.1,bookmark,120,Skaitļa 111 izteikšana ar reizinājumu. Metode: Dalīšana pirmreizinātājos.
LV.AMO.2011.5.1,bookmark,175,Izsakām visus EEE skaitļus kā reizinājumus. Metode: Gadījumu pārlase.
LV.AMO.2011.5.1,bookmark,220,Kādēļ kreisajā pusē jābūt 37 vai 74? Metode: Dalāmība veselu skaitļu vienādojumā.
LV.AMO.2011.5.1,bookmark,343,Nederīgo reizinājumu atmešana. Metode: Izslēgšanas metode.
LV.AMO.2011.5.1,bookmark,428,Atskats: Atbildes formulējums; reizinātāju mainīšana vietām atbilžu skaitu formāli palielina.
,,,
LV.AMO.2011.5.2,youtube,tcAc6S9-VlE,
LV.AMO.2011.5.2,topic,integer-factorization,
LV.AMO.2011.5.2,title,"AMO2011, 5.klases 2.uzdevums",
LV.AMO.2011.5.2,bookmark,6,"Uzdevuma saprašana: Zināms, ka summas ir vienādas, bet nav zināms, ar ko tās ir vienādas."
LV.AMO.2011.5.2,bookmark,53,Risinājums: Ieviešam burta apzīmējumu. Metode: Mainīgā ieviešana.
LV.AMO.2011.5.2,bookmark,170,Risinājums: Vienādojuma sastādīšana un risināšana.
LV.AMO.2011.5.2,bookmark,280,Risinājums: Skaitļu tabulas aizpildīšana.
LV.AMO.2011.5.2,bookmark,428,Atskats: Atbildes formulējums; reizinātāju mainīšana vietām atbilžu skaitu formāli palielina.
,,,
LV.AMO.2011.5.3,youtube,ZXMm0a2NE9c,
LV.AMO.2011.5.3,topic,small-increment,
LV.AMO.2011.5.3,title,"AMO2011, 5.klases 3.uzdevums",
LV.AMO.2011.5.3,bookmark,6,Uzdevuma saprašana: Kādēļ varētu nestrādāt trijstūru griešana uz pusēm.
LV.AMO.2011.5.3,bookmark,41,Risinājums: Kvadrāta sadalīšana jebkādos trijstūros. Metode: Uzdevuma aizstāšana ar vienkāršāku.
LV.AMO.2011.5.3,bookmark,70,Risinājums: Vai jebkādu trijstūri var sadalīt platleņķa trijstūros? Metode: Uzdevuma vispārināšana.
LV.AMO.2011.5.3,bookmark,105,Risinājums: Konstrukcija un pierādījums ar augstuma novilkšanu pret garāko malu. Metode: Spriedumi par nelielām izmaiņām.
LV.AMO.2011.5.3,bookmark,234,Risinājums: Konstrukcijas atkārtošana kvadrātam. Metode: Simetrijas izmantošana.
,,,
LV.AMO.2011.5.4,youtube,qZ3xYhXjkuA,
LV.AMO.2011.5.4,topic,graph-properties,
LV.AMO.2011.5.4,title,"AMO2011, 5.klases 4.uzdevums",
LV.AMO.2011.5.4,bookmark,37,Risinājums: (a) piemēra konstrukcija. Skaitļu apļa kaimiņu attēlošana ar grafa šķautnēm. Metode: Grafu īpašības.
LV.AMO.2011.5.4,bookmark,110,"Risinājums: Nesakarīgs grafs (noslēgts loks, no kura netiek ārā) un tā neiespējamība. Metode: Grafu īpašības."
LV.AMO.2011.5.4,bookmark,134,Risinājums: Konstrukcija no otra gala un gabalu savienošana. Metode: Simetrijas izmantošana.
LV.AMO.2011.5.4,bookmark,291,Risinājums: (b) piemēra neiespējamība. Metode: Pierādījums no pretējā.
,,,
LV.AMO.2011.5.5,youtube,ynAOj1ip2wM,
LV.AMO.2011.5.5,topic,symmetry,
LV.AMO.2011.5.5,title,"AMO2011, 5.klases 5.uzdevums",
LV.AMO.2011.5.5,bookmark,4,"Uzdevuma saprašana: Uzdevums par ""retinātu"" stūrīšu izvietošanu."
LV.AMO.2011.5.5,bookmark,55,Risinājums: Neaizņemto rūtiņu skaita aprēķins. Metode: Skaitīšana.
LV.AMO.2011.5.5,bookmark,70,Risinājums: Kādas var izskatīties brīvās rūtiņas un to konfigurācijas.
LV.AMO.2011.5.5,bookmark,116,Risinājums: (a) Piemēra konstruēšana. Metode: Simetrijas izmantošana.
LV.AMO.2011.5.5,bookmark,266,Risinājums: (b) Piemēra konstruēšana. Metode: Simetrijas izmantošana. No pretējā.
,,,
LV.AMO.2012.5.1,title,"39.AMO, 5.klases 1.uzdevums",
LV.AMO.2012.5.1,youtube,RX4BrGMvxDc,
LV.AMO.2012.5.1,topic,modular-arithmetic,
LV.AMO.2012.5.1,bookmark,16,"Uzdevuma saprašana: Atbilde ""Jā"" vai ""Nē"" ir jāpamato."
LV.AMO.2012.5.1,bookmark,30,Uzdevuma saprašana: Divu veidu pamatojumi - piemērs vai neiespējamības pierādījums.
LV.AMO.2012.5.1,bookmark,78,"Uzdevuma saprašana: Pilnā pārlase neder, jo skaitļi var būt ļoti lieli."
LV.AMO.2012.5.1,bookmark,103,Risinājums: Izmantojam doto - cenšamies iegūt secinājumus par skaitļa pieraksta cipariem. Metode: Secinājumi no dotā.
LV.AMO.2012.5.1,bookmark,122,Risinājums:  iegūšana par skaitļa pēdējo ciparu. Metode: Atlikumu aritmētika.
LV.AMO.2012.5.1,bookmark,186,Risinājums: Aplūkojam gadījumus par septiņkāršotā reizinājuma pēdējo ciparu Metode: Gadījumu pārlase. Spriedums no pretējā.
LV.AMO.2012.5.1,note,,"Atrast vēl kādu četru ciparu komplektu, kuram ir spēkā īpašība: neeksistē divi skaitļi, kas pierakstīti tikai ar šiem cipariem un viens ir 7 reizes lielāks par otru."
,,,
LV.AMO.2012.5.2,title,"39.AMO, 5.klases 2.uzdevums",
LV.AMO.2012.5.2,sameAs,LV.AMO.2011.5.3,
,,,
LV.AMO.2012.5.3,title,"39.AMO, 5.klases 3.uzdevums",
LV.AMO.2012.5.3,youtube,b-rJQuY5gO8,
LV.AMO.2012.5.3,topic,worst-case-scenario,
LV.AMO.2012.5.3,bookmark,16,"Uzdevuma saprašana: Vārds ""noteikti"" nozīmē, ka jāaplūko sliktākais gadījums."
LV.AMO.2012.5.3,bookmark,41,"Risinājums: Kāds ir lielākais pogu skaits, lai process vēl nebeigtos. Metode: Novērtējumi ar nevienādībām."
LV.AMO.2012.5.3,bookmark,135,"Risinājums: Novērtējumu palielinot, vismaz viena no krāsām sasniegs prasīto. Metode: Novērtējumi ar nevienādībām."
LV.AMO.2012.5.3,bookmark,172,"Atskats: Kādēļ visi uzdevuma nosacījumi ir būtiski - kas notiek, ja uz pogām drīkst skatīties?"
LV.AMO.2012.5.3,bookmark,190,"Atskats: Kādēļ visi uzdevuma nosacījumi ir būtiski - kas notiek, ja maisā ir vēl arī 1000 pelēkas pogas?"
LV.AMO.2012.5.3,note,,"Cik pogu, uz tām neskatoties, būtu jāizvelk, lai starp izvilktajām būtu GAN 2 baltas, GAN 3 zaļas, GAN 4 sarkanas?"
,,,
LV.AMO.2012.5.4,title,"39.AMO, 5.klases 4.uzdevums",
LV.AMO.2012.5.4,youtube,AgHNxnHjFGY,
LV.AMO.2012.5.4,topic,graph-properties,
LV.AMO.2012.5.4,bookmark,16,"Uzdevuma saprašana: Vārds ""noteikti"" nozīmē, ka jāaplūko sliktākais gadījums."
LV.AMO.2012.5.4,bookmark,29,Risinājums: No kuriem stāviem var uzbraukt par 17 uz augšu? No kuriem var nobraukt par 8 uz leju? Metode: Gadījumu pārlase.
LV.AMO.2012.5.4,bookmark,102,Risinājums: Izvēlamies nejaušu stāvu un sākam braukt. Metode: Piemēra aplūkošana.
LV.AMO.2012.5.4,bookmark,264,"Risinājums: Pievienojam konstrukcijai 9. un 17.stāvu un formulējam atbildi. Pamatojam, ka stāvs #17 ir vienīgais atrisinājums. Metode: Grafu īpašības."
LV.AMO.2012.5.4,bookmark,360,"Atskats: Kas notiks, ja stāvu būtu 25 stāvi?"
,,,
LV.AMO.2012.9.1,title,"39.AMO, 9.klases 1.uzdevums",
LV.AMO.2012.9.1,youtube,ZnSvxqDyNuk,
LV.AMO.2012.9.1,topic,integer-factorization,
LV.AMO.2012.9.1,bookmark,15,"Risinājums: Cik dalītāju ir skaitļiem 1, pirmskaitļiem, pirmskaitļu kvadrātiem. Metode: Dalīšana reizinātājos."
LV.AMO.2012.9.1,note,,"Vai var atrast skaitli, kuram ir tieši 12 veseli pozitīvi dalītāji un kurš dalās ar diviem (vai trim, vai četriem) dažādiem pirmskaitļiem?"
,,,
LV.AMO.2012.9.2,title,"39.AMO, 9.klases 2.uzdevums",
LV.AMO.2012.9.2,youtube,7PDaCUVFnbw,
LV.AMO.2012.9.2,topic,graph-properties,
LV.AMO.2012.9.2,bookmark,23,Uzdevuma saprašana: Zīmējuma izveidošana.
LV.AMO.2012.9.2,bookmark,73,Risinājums: MN paralēls AB. Metode: Trijstūra viduslīnija.
LV.AMO.2012.9.2,bookmark,87,Risinājums: Pierādāmās leņķu vienādības aizstāšana ar citu. Metode: Šķērsleņķu aplūkošana
LV.AMO.2012.9.2,bookmark,146,Risinājums: Mediāna sadala taisnleņķa trijstūri divos vienādsānu trijstūros. Metode: Simetrijas izmantošana.
,,,
LV.AMO.2012.9.3,title,"39.AMO, 9.klases 3.uzdevums",
LV.AMO.2012.9.3,youtube,WV3oMgrKvaQ,
LV.AMO.2012.9.3,topic,graph-properties,
LV.AMO.2012.9.3,bookmark,16,Risinājums: Kvadrāttrinoma dalīšana reizinātājos. Metode: kvadrāttrinomu īpašības.
LV.AMO.2012.9.3,bookmark,57,Risinājums: Alternatīva metode - Vjeta teorēma. Metode: Kvadrāttrinomu īpašības.
LV.AMO.2012.9.3,bookmark,81,Risinājums: Veselu skaitļu vienādojums pret p un q. Metode: Gadījumu pārlase.
LV.AMO.2012.9.3,bookmark,150,"Risinājums: Skaitlis, kas nedalās ne ar vienu pirmskaitli, kas nepārsniedz skaitļa kvadrātsakni, tad skaitlis ir pirmskaitlis. Metode: Pirmskaitļu īpašības."
LV.AMO.2012.9.3,bookmark,219,Risinājums: Citi gadījumi - ja ņemam nepāra pirmskaitli p. Metode: Pāru un nepāru skaitļi.
LV.AMO.2012.9.3,bookmark,257,"Risinājums: Iegūstam a vērtību, ja zināmas saknes p^2 un q."
,,,
LV.AMO.2012.9.4,title,"39.AMO, 9.klases 4.uzdevums",
LV.AMO.2012.9.4,youtube,gKwJyRVBxk8,
LV.AMO.2012.9.4,topic,invariants,
LV.AMO.2012.9.4,bookmark,45,Risinājums: Divu spēlētāju spēļu pozīciju grafs ar atgriešanos līdzsvarā. Metode: Spēles vizualizācija ar grafu.
LV.AMO.2012.9.4,bookmark,147,Risinājums: Nonākšana laimīgajā pozīcijā - kur skaitlis dalās ar 37 (zvaigznīšu vietā nulles). Metode: Invariantu metode.
LV.AMO.2012.9.4,bookmark,200,Risinājums: Par cik palielinās atlikums katrā gājienā? Metode: Skaitļa decimālpieraksts.
LV.AMO.2012.9.4,bookmark,264,Risinājums: Skaitļa ciparu dotie atlikumi. Metode: Atlikumu aritmētika.
LV.AMO.2012.9.4,bookmark,493,Risinājums: Skaitļa 111 īpašība un tās lietojums spēles stratēģijā. Metode: Konstrukcija.
LV.AMO.2012.9.4,bookmark,762,Risinājums: Vai Jānis var apdraudēt Pētera stratēģiju.
,,,
LV.AMO.2012.9.5,title,"39.AMO, 9.klases 5.uzdevums",
LV.AMO.2012.9.5,youtube,eE3-qUmyW74,
LV.AMO.2012.9.5,topic,extreme-element,
LV.AMO.2012.9.5,bookmark,17,Uzdevuma saprašana: Kas ir dots? Trapece un tās pamatu garumu attiecība.
LV.AMO.2012.9.5,bookmark,64,"Risinājums: Izvēlamies trijstūri, kurš varētu būt vismazākais. Metode: Ekstremālais elements."
LV.AMO.2012.9.5,bookmark,117,Risinājums: Laukumu nevienādība un iegūtā pretruna. Metode: Spriedums no pretējā.
LV.AMO.2012.9.5,bookmark,205,Atskats: Kādus trapeces parametrus neizmantojām un kas griešanai trijstūros bija vai nebija būtiski.
LV.AMO.2012.9.5,note,,"Atrast vispārīgu pazīmi, lai trapeci varētu sagriezt 2, 3, 4 vai 5 vienlielos trijstūros."
,,,
LV.AMO.2013.5.1,title,"40.AMO, 5.klases 1.uzdevums",
LV.AMO.2013.5.1,youtube,UNyM7DyFDug,
LV.AMO.2013.5.1,topic,case-analysis,
LV.AMO.2013.5.1,bookmark,17,Uzdevuma saprašana: Ko uzdevumā prasīts noskaidrot.
LV.AMO.2013.5.1,bookmark,45,Uzdevuma saprašana: Ko nozīmē rādītāju sakrišana (pulksteņa rādītāji kustas nepārtraukti)
LV.AMO.2013.5.1,bookmark,75,Risinājums: Aprakstām abu rādītāju kustību un kurās vietās viens var apsteigt otru. Metode: Procesa vizualizācija.
LV.AMO.2013.5.1,bookmark,238,Risinājums: Satikšanās punktu atzīmēšana uz ciparnīcas. Metode: Gadījumu pārlase.
LV.AMO.2013.5.1,bookmark,322,Risinājums: Katrā apsteigšanas gadījumā notiek rādītāju stāvokļu sakrišana. Metode: Nepārtrauktība.
LV.AMO.2013.5.1,bookmark,418,Risinājums: Ātrumu atņemšana. Metode: Teksta uzdevums ar proporcijām.
LV.AMO.2013.5.1,note,"Pieņemsim, ka ir iestājies moments, kurā stundu un minūšu rādītāji sakrīt. Kur šajā momentā atrodas sekunžu rādītājs? Vai ir tādi brīži, izņemot 0:00 un 24:00, kuros sakrīt visi trīs rādītāji?",
LV.AMO.2013.5.1,note,Cik reizes diennaktī sakritīs minūšu un sekunžu rādītāji? Stundu un sekunžu rādītāji?,
LV.AMO.2013.5.1,note,"Kas notiktu tad, ja stundu un minūšu rādītāji virzītos viens otram pretī?",
,,,
LV.AMO.2013.5.2,title,"40.AMO, 5.klases 2.uzdevums",
LV.AMO.2013.5.2,youtube,96mCTGXI4N4,
LV.AMO.2013.5.2,topic,directed-graph,
LV.AMO.2013.5.2,bookmark,30,Uzdevuma saprašana: Ko uzdevumā prasīts noskaidrot
LV.AMO.2013.5.2,bookmark,50,Risinājums: Stāvu attēlošana ar aplīšiem. Metode: Grafa izmantošana.
LV.AMO.2013.5.2,bookmark,125,Risinājums: Uzdevuma atrisinājumu skaits atkarībā no grafa izskata. Metode: Gadījumu šķirošana.
LV.AMO.2013.5.2,bookmark,180,"Risinājums: Meklējam maršruta sākumpunktu, pieņemot, ka uzdevumam ir tieši 1 atrisinājums. Metode: Pieņēmuma izmantošana."
LV.AMO.2013.5.2,bookmark,345,Risinājums: Zīmējam lifta maršŗutu. Metode: Grafa konstruēšana ar dotajiem ierobežojumiem.
LV.AMO.2013.5.2,bookmark,478,Atskats: Secinājums un atbildes formulējums.
LV.AMO.2013.5.2,note,"Citi apgalvojumi: Ja mājai būtu 23 stāvi, tad būtu stāvi, kuros vispār nevar iebraukt. Ja mājai būtu 25 stāvi, tad varētu no jebkura stāva aizbraukt uz jebkuru citu",
,,,
LV.AMO.2013.5.3,title,"40.AMO, 5.klases 3.uzdevums",
LV.AMO.2013.5.3,youtube,7o9b9yKO08c,
LV.AMO.2013.5.3,topic,adding-with-regrouping,
LV.AMO.2013.5.3,bookmark,15,Uzdevuma saprašana: Ko uzdevumā prasīts noskaidrot
LV.AMO.2013.5.3,bookmark,44,Uzdevuma saprašana: Desmit cipari un deviņi aplīši
LV.AMO.2013.5.3,bookmark,57,"Uzdevuma saprašana: Summa, kam visur jābūt vienādai, nemaz nav zināma"
LV.AMO.2013.5.3,bookmark,64,"Risinājums: Noskaidrojam summu, ja cipari ir no 1 līdz 9. Metode: Saskaitīšana dažādos veidos."
LV.AMO.2013.5.3,bookmark,135,"Risinājums: Uzzinām, ko rakstīt kvadrāta vidū. Metode: Burtu apzīmējumi un algebriska identitāte."
LV.AMO.2013.5.3,bookmark,245,"Risinājums: Gadījums, ja ""1"" raksta stūrī. Metode: Pieņēmuma izmantošana."
LV.AMO.2013.5.3,bookmark,360,"Risinājums: Gadījums, ja ""1"" raksta uz malas. Metode: Pieņēmuma izmantošana."
LV.AMO.2013.5.3,bookmark,438,Atskats: Citi iespējamie risinājumi.
LV.AMO.2013.5.3,bookmark,488,Atskats: Maģiskais kvadrāts.
,,,
LV.AMO.2013.5.4,title,"40.AMO, 5.klases 4.uzdevums",
LV.AMO.2013.5.4,youtube,aPtiwtx9Jkg,
LV.AMO.2013.5.4,topic,trial-and-error,
LV.AMO.2013.5.4,bookmark,21,"Uzdevuma saprašana: Tetromino, t.sk. spēle ""tetris"". Pentomino. Pentomino ""L"" figūra un tās spoguļattēls."
LV.AMO.2013.5.4,bookmark,57,"Uzdevuma saprašana: Teselācijas jeb flīzēšanas uzdevumi – salikt laukumu ar noteikta veida figūriņām bez tukšumiem un pārklāšanās. (Kopīga mala ir saskaršanās, nevis pārklāšanās.)"
LV.AMO.2013.5.4,bookmark,85,Uzdevuma saprašana: Kas ir pagriešana un apgriešana otrādi.
LV.AMO.2013.5.4,bookmark,144,"Risinājums: Taisnstūris ar laukumu 40 rūtiņas izsakāms 4 veidos, no kuriem 2 veidi acīmredzot neder. Metode: Dalīšana reizinātājos. Izslēgšanas metode."
LV.AMO.2013.5.4,bookmark,236,"Risinājums: Cik var būt ""L"" figūriņu? No 1 līdz 7. Metode: Izmantojam nosacījumus."
LV.AMO.2013.5.4,bookmark,267,"Risinājums: ""L"" figūriņu nevar būt 1,3,5,7. Nevar būt arī 2 vai 6. Metode: Pāru un nepāru skaitļi. Dalāmība ar 4."
LV.AMO.2013.5.4,bookmark,318,"Risinājums: Atlikušās 20 rūtiņas jāaizpilda ar 5 ""T"" figūriņām. Metode: Ģeometrijas jautājuma izteikšana aritmētiski."
LV.AMO.2013.5.4,bookmark,330,"Risinājums: Aplūkojam kā 2 ""L"" figūriņas var saskarties un kā aizpildīt atlikušo taisnstūri. Metode: Heiristika (sākt aizpildīt ar lielākajām figūrām). mēģinājumu un kļūdu metode."
LV.AMO.2013.5.4,bookmark,400,Atskats: Konstrukcijas uzdevumiem pats piemērs kalpo par pierādījumu.
LV.AMO.2013.5.4,bookmark,452,"Atskats: Nebija prasīts vai var salikt taisnstūri 4x10. Nebija prasīts, vai šāds salikums ir viens vienīgs."
LV.AMO.2013.5.4,note,"Ja ir atrasts konkrētais taisnstūra 5x8 aizpildījums ar abu veidu figūriņām, cik dažādus aizpildījumus no tā var izveidot ar spoguļattēliem vai arī pagriežot figūriņas vai pašu taisnstūri par 90 vai 180 grādiem?",
,,,
LV.AMO.2013.5.5,title,"40.AMO, 5.klases 5.uzdevums",
LV.AMO.2013.5.5,youtube,YQAQ3e3cfqo,
LV.AMO.2013.5.5,topic,pigeonhole-principle,
LV.AMO.2013.5.5,bookmark,24,"Uzdevuma saprašana: Kas ir kubs? Kuba skaldnes, šķautnes, virsotnes."
LV.AMO.2013.5.5,bookmark,110,Uzdevuma saprašana: Kā katru skaldni sadalīt 4 kvadrātos. Cik pavisam daļu?
LV.AMO.2013.5.5,bookmark,149,Uzdevuma saprašana: Kāda ir krāsošana 3 krāsās (nav vajadzīgas krāsas - var apzīmēt ar burtiem); un kādi kvadrāti ir ar kopīgu malu?
LV.AMO.2013.5.5,bookmark,225,"Risinājums: Pamatojums, ka ar divām krāsām nepietiek. Metode: Dirihlē princips."
LV.AMO.2013.5.5,bookmark,340,Risinājums: Ērtāka kuba krāsošanas diagramma. Metode: Nepārtraukts pārveidojums (Telpiskas figūras attēlojums plaknē).
LV.AMO.2013.5.5,bookmark,495,Risinājums: Izveidojam krāsojumu. Piemērs: Piemēra konstruēšana.
LV.AMO.2013.5.5,bookmark,644,"Atskats: Ko nozīmē ""Atbildi pamatot!""? Konstrukcijas uzdevumos ir vai nu jāpiedāvā konstrukcija vai jāpamato, ka to nav iespējams veikt (t.i. neviens un nekad nespēs to izdarīt ar 2 krāsām – nevis tikai ""mēs mēģinājām un mums nesanāca"")."
LV.AMO.2013.5.5,bookmark,735,"Atskats: Ir pazīstama t.s. ""četru krāsu problēma"" – ka ikvienas kartes izkrāsošanai pietiek ar 4 krāsām (vienalga kādu izmēru gabaliņiem). Šoreiz karte ir īpatnēja – un tādēļ nav pārsteidzoši, ka pietiek ar mazāku krāsu skaitu."
LV.AMO.2013.5.5,bookmark,820,Atskats: Atrisinājumā jāmin (a) neiespējamība; (b) konstruēts piemērs.
LV.AMO.2013.5.5,note,Laukumiņu izkrāsošanas uzdevumus var izteikt arī grafiem.,
LV.AMO.2013.5.5,note,Jebkuru izliektu daudzskaldni ar attiecīgu pastiepšanu var padarīt par plaknes figūru.,
LV.AMO.2013.5.5,note,"Karte uz kuba, karte uz lodes un karte plaknē – visos gadījumos krāsošanas uzdevums ir viens un tas pats.",
,,,
LV.AMO.2013.6.1,title,"40.AMO, 6.klases 1.uzdevums",
LV.AMO.2013.6.1,youtube,VAqkROCPuKk,
LV.AMO.2013.6.1,topic,commutativity-associativity,
LV.AMO.2013.6.1,bookmark,33,"Uzdevuma saprašana: ""Jebkurus divus"" skaitļus var izvēlēties ļoti daudzos veidos. Būtu liktenīga kļūda aplūkot tikai vienu vai divus piemērus."
LV.AMO.2013.6.1,bookmark,86,"Uzdevuma saprašana: Nav pateikts, kur ieraksta jauno skaitli, bet secība šeit nav svarīga."
LV.AMO.2013.6.1,bookmark,119,Uzdevuma saprašana: Neatkarīgi no darbību secības tieši pēc 9 gājieniem viss būs beidzies.
LV.AMO.2013.6.1,bookmark,154,"Risinājums: Kas notiktu, ja nodzēšto skaitļu vietā rakstītu vienkārši ""a+b"". Metode: Pāreja uz vienkāršāku uzdevumu."
LV.AMO.2013.6.1,bookmark,228,Risinājums: Kā ātri saskaitīt 1+2+...+N. Metode: Saskaitīšana ar pārgrupēšanu.
LV.AMO.2013.6.1,bookmark,315,"Risinājums: Visu uzrakstīto skaitļu summa mainās, bet mainās prognozējami - pieaug par 2 pēc katras dzēšanas. Metode: Invariantu izmantošana."
LV.AMO.2013.6.1,bookmark,335,Risinājums: Pēc 9 soļiem būs visu skaitļu summa plus 18. Atrodam visu skaitļu summu un pieskaitām 18. Metode: Saskaitīšanas pārtapšana par reizināšanu.
LV.AMO.2013.6.1,bookmark,370,Atskats: Var pārbaudīt 1-2 gadījumiem.
LV.AMO.2013.6.1,bookmark,438,"Atskats: Sekas no operācijas (a,b)-> a+b+2 komutativitātes un asociativitātes. (Komutativitāte nodrošina to, ka nav svarīga secība, kā izvēlas a un b. Asociativitāte nodrošina to, ka nav svarīgi, kā zīmē koku.)"
,,,
LV.AMO.2013.6.2,title,"40.AMO, 6.klases 2.uzdevums",
LV.AMO.2013.6.2,youtube,OSqW4Go6wDU,
LV.AMO.2013.6.2,topic,divisibility-rule,
LV.AMO.2013.6.2,bookmark,21,"Uzdevuma saprašana: Naturālo skaitļu virkne – bezgalīga. Skaitļu secība tanī jau noteikta – skaitlis seko otram, ja viens ir n, otrs ir n+1."
LV.AMO.2013.6.2,bookmark,88,Uzdevuma saprašana: Cipari – domāts decimālpieraksts. Ciparu summa/reizinājums nepieder pie pierastajām aritmētiskajām darbībām.
LV.AMO.2013.6.2,bookmark,126,Risinājums: Cipari – domāts decimālpieraksts. Ciparu summa/reizinājums nepieder pie pierastajām aritmētiskajām darbībām. Metode: Likumsakarību saskatīšana un vispārināšana.
LV.AMO.2013.6.2,bookmark,209,"Risinājums: Ciparu summas izmaiņas (par +1, -8, -17, -26, utt.). Nekad nav par +3 vai -3. Metode: Diferenču noteikšana."
LV.AMO.2013.6.2,bookmark,349,"Risinājums: Teorēma: Dalāmības pazīme ar 3. Ko nozīmē ""tad un tikai tad""."
LV.AMO.2013.6.2,bookmark,398,Risinājums: Dalāmības pazīme ar 3 un iespējamās ciparu summas izmaiņas. Metode: Dalāmības pazīme ar 3.
LV.AMO.2013.6.2,bookmark,467,Risinājums: Ciparu reizinājuma izmaiņas. Metode: Diferenču noteikšana.
LV.AMO.2013.6.2,bookmark,553,Atskats: Secinājumi; kādā veidā pierakstīt atbildi.
LV.AMO.2013.6.2,note,"Kādēļ vajadzīga prasība, lai viens no blakusesošajiem skaitļiem dalītos ar 3?",
,,,
LV.AMO.2013.6.3,title,"40.AMO, 6.klases 3.uzdevums",
LV.AMO.2013.6.3,youtube,-aJm0RGdE10,
LV.AMO.2013.6.3,topic,trial-and-error,
LV.AMO.2013.6.3,bookmark,15,Uzdevuma saprašana: Figūras robežas neiet pa rūtiņu līnijām.
LV.AMO.2013.6.3,bookmark,46,Uzdevuma saprašana: Ko nozīmē pagriezt un apgriezt otrādi.
LV.AMO.2013.6.3,bookmark,111,Risinājums: Laukuma aprēķins. Metode: Ģeometrijas jautājuma pārvēršana par aritmētisku.
LV.AMO.2013.6.3,bookmark,163,"Risinājums: Iespējamās figūriņu formas. Metode: Vienkāršākie pieņēmumi, kuri varētu novest pie atrisinājuma (Make things as simple as possible, but not simpler.)"
LV.AMO.2013.6.3,bookmark,194,Risinājums: Kādās figūriņās griezīsim. Metode: Mēģinājumu un kļūdu metode.
LV.AMO.2013.6.3,bookmark,218,Risinājums: Sagriešanas paraugs. Metode: Piemēra konstruēšana.
LV.AMO.2013.6.3,bookmark,256,Risinājums: Atlikušās figūras aizpildīšana ar pagriezieniem. Metode: Simetrijas izmantošana.
,,,
LV.AMO.2013.6.4,title,"40.AMO, 6.klases 4.uzdevums",
LV.AMO.2013.6.4,youtube,4Dj_iLs917Y,
LV.AMO.2013.6.4,topic,perfect-square,
LV.AMO.2013.6.4,bookmark,13,"Uzdevuma saprašana: Naturāli skaitļi (nav negatīvi, 0 un nav daļskaitļi)."
LV.AMO.2013.6.4,bookmark,32,Uzdevuma saprašana: Precīza nozīme frāzei „no 100 līdz 200” – atruna par galapunktu ieskaitīšanu.
LV.AMO.2013.6.4,bookmark,78,"Risinājums: Ja divi reizinājumi ir vienādi, tiem jādalās ar vieniem un tiem pašiem skaitļiem. Metode: Secinājumi no vienādības."
LV.AMO.2013.6.4,bookmark,114,Risinājums: Pirmskaitļu jēdziens un skaidrojums. Definīcija: Pirmskaitļi.
LV.AMO.2013.6.4,bookmark,139,Risinājums: Vienādi skaitļi dalās ar pirmskaitļiem to pašu skaitu reižu. Metode: Skaitļa viennozīmīgs dalījums pirmreizinātājos.
LV.AMO.2013.6.4,bookmark,150,"Risinājums: Piemēŗs ar pirmskaitli 101. Metode: Pretpiemēra uzminēšana, lai apgāztu pieņēmumu (ka abi reizinājumi ir vienādi)."
LV.AMO.2013.6.4,bookmark,213,"Atskats: Ar uzdevumu nesaistīts piemērs (1,2,3,4,5,6,8,9,10), kuru VAR sadalīt divās grupās."
LV.AMO.2013.6.4,bookmark,263,"Atskats: Analīze, dalot pirmreizinātājos."
LV.AMO.2013.6.4,bookmark,288,Atskats: Pielietota teorēma par viennozīmīgu sadalīšanu pirmreizinātājos.
LV.AMO.2013.6.4,bookmark,340,"Atskats: Virknīti (1,2,3,4,5,6,8,9,10) izsakām kā pirmskaitļu reizinājumu."
LV.AMO.2013.6.4,bookmark,448,Atskats: Kādēļ virknītei nevar pievienot skaitli 7.
LV.AMO.2013.6.4,bookmark,500,Atskats: Kā noformēt uzdevumu olimpiādē.
LV.AMO.2013.6.4,note,"Skaitļi, kurus var sadalīt šādās divās grupās, reizinājumā noteikti veido pilnu kvadrātu (naturāla skaitļa reizinājumu pašam ar sevi).",
LV.AMO.2013.6.4,note,"Līdzīgu analīzi var veikt ne tikai ar 101, bet arī ar daudziem citiem pirmskaitļiem. Piemēram, pirmskaitlis 19 ir sastopams skaitļos 114, 133, 152, 171, 190 (t.i. pavisam piecas reizes). Skaidrs, ka nevarēs sadalīt divās grupās – t.sk. arī dalīšanās ar 19 dēļ.",
,,,
LV.AMO.2013.6.5,title,"40.AMO, 6.klases 5.uzdevums",
LV.AMO.2013.6.5,youtube,svul9-D_5i0,
LV.AMO.2013.6.5,topic,combinatorial-game,
LV.AMO.2013.6.5,bookmark,32,"Uzdevuma saprašana: Gājienu izdarīšana ""pēc kārtas""."
LV.AMO.2013.6.5,bookmark,50,Uzdevuma saprašana: Spēles laukums. Rindiņas un kolonnas rūtiņu kvadrātā.
LV.AMO.2013.6.5,bookmark,71,Uzdevuma saprašana: Tukšo rūtiņu aizpildīšana ar 3-rūtiņu virknītēm (UNA un IVO).
LV.AMO.2013.6.5,bookmark,98,"Uzdevuma saprašana: Spēle ir galīga (zaudē, kas nevar izdarīt gājienu jeb uzvar, kas izdara pēdējo gājienu)."
LV.AMO.2013.6.5,bookmark,115,Uzdevuma saprašana: Spēlē viens no spēlētājiem noteikti uzvar; eksistē uzvaroša stratēģija
LV.AMO.2013.6.5,bookmark,150,Risinājums: Kas ir stratēģija un uzvaroša stratēģija. Definīcija: Stratēģija.
LV.AMO.2013.6.5,bookmark,194,"Risinājums: Spēles pozīcijas atgriešana ""līdzsvara stāvoklī""."
LV.AMO.2013.6.5,bookmark,264,Risinājums: Līdzsvars uz 5x5 spēles laukuma mūsu gadījumā var būt centrālā simetrija. Unas stratēģija.
LV.AMO.2013.6.5,bookmark,371,"Risinājums: Pamatojums, ka Una vienmēr varēs izdarīt gājienu."
LV.AMO.2013.6.5,bookmark,473,Risinājums: Pēc katra Unas gājiena brīvo rūtiņu veidotā figūra paliek centrāli simetriska (t.i. Una var turpināt savu stratēģiju)
LV.AMO.2013.6.5,bookmark,554,Atskats: Kopsavilkums - kādēļ Una var uzvarēt.
LV.AMO.2013.6.5,note,"Ko šeit saprotam ar vārdu ""simetrisks""? Uzdevumā ir runa ir par centrālo simetriju jeb pagriešanu par 180 grādiem.",
,,,
LV.AMO.2013.7.1,title,"40.AMO, 7.klases 1.uzdevums",
LV.AMO.2013.7.1,youtube,vxpifqi6pO4,
LV.AMO.2013.7.1,topic,algebraic-inequality,
LV.AMO.2013.7.1,bookmark,17,"Uzdevuma saprašana: Precizējam, par kuriem divciparu skaitļiem ir runa."
LV.AMO.2013.7.1,bookmark,50,"Uzdevuma saprašana: Katram skaitlim dalījums ir ""vismaz 11/9"" (apzīmējam vārdu ""vismaz"" ar nevienādību)."
LV.AMO.2013.7.1,bookmark,63,Risinājums: Ieviešam apzīmējumu skaitlim ar cipariem a un b: ab (ar svītriņu virsū). Pierakstām skaitļa un ciparu reizinājuma dalījumu.
LV.AMO.2013.7.1,bookmark,101,Risinājums: Pierādāmās nevienādības pārveidojumi. Metode: Ekvivalenti algebriski pārveidojumi.
LV.AMO.2013.7.1,bookmark,137,Risinājums: Nevienādības pierādījums. Metode: Nevienādības pamatošana ar galējām vērtībām.
LV.AMO.2013.7.1,bookmark,210,Risinājums: Piemērs ar skaitli 99.
LV.AMO.2013.7.1,note,"Pamatojums tam, ka a/b &gt;= c/d (pozitīviem skaitļiem) ir līdzvērtīgs ad &gt;= bc.",
,,,
LV.AMO.2013.7.2,title,"40.AMO, 7.klases 2.uzdevums",
LV.AMO.2013.7.2,youtube,HXFdhK5xN9M,
LV.AMO.2013.7.2,topic,triangle-inequality,
LV.AMO.2013.7.2,bookmark,25,Uzdevuma saprašana: Izvēlamies 3 nogriežņus no 6 – trijstūri veidojot jāizmanto veseli nogriežņi.
LV.AMO.2013.7.2,bookmark,49,Uzdevuma saprašana: Nogriežņu izvēles secība nav svarīga.
LV.AMO.2013.7.2,bookmark,83,"Risinājums: Trijstūra nevienādība. Robežgadījumi, kad leņķis starp malām a un b ir ļoti plats vai ļoti šaurs. Teorēma: Trijstūra nevienādība."
LV.AMO.2013.7.2,bookmark,221,"Risinājums: Trijstūra nevienādības pielietošana. Mala ar garumu 1 neder. Trijstūri malām ar garumiem 3, 5, 7 u.c."
LV.AMO.2013.7.2,bookmark,315,"Risinājums: Malu ""alfabētiskais sakārtojums"" – kā pasargāties no iespējas kaut ko izlaist vai ieskaitīt divreiz."
LV.AMO.2013.7.2,bookmark,394,Atskats: Cik dažādos veidos no 6 nogriežņiem var izvēlēties 3 – 20 dažādos veidos. No tiem der tikai 7 veidi.
LV.AMO.2013.7.2,note,"Pamatojam, cik dažādos veidos var izvēlēties 3 nogriežņus no 6 nogriežņiem (ja nepastāv ierobežojumi).",
LV.AMO.2013.7.2,note,"Kādēļ esam visus variantus uzskaitījuši? Kādēļ nesākām aplūkot malu trijniekus, kas sākas ar 9cm vai 11cm?",
LV.AMO.2013.7.2,note,"Vai ir atšķirība starp ""cik dažādos veidos var izvēlēties nogriežņus..."" un ""cik dažādus trijstūrus var izveidot?"".",
LV.AMO.2013.7.2,note,"Kā mainās atbilde, ja nogriežņu izvēles secība ir svarīga?",
,,,
LV.AMO.2013.7.3,title,"40.AMO, 7.klases 3.uzdevums",
LV.AMO.2013.7.3,youtube,OcYOH2-crnk,
LV.AMO.2013.7.3,topic,perfect-square,
LV.AMO.2013.7.3,bookmark,28,"Uzdevuma saprašana: Skaitlis, kur pēc kārtas izrakstīti daudzi cipari."
LV.AMO.2013.7.3,bookmark,62,Uzdevuma saprašana: Kuri skaitļi ir un kuri nav pilnie kvadrāti.
LV.AMO.2013.7.3,bookmark,114,Risinājums: Apgalvojums par pilna kvadrāta dalāmību ar 2 un 4.
LV.AMO.2013.7.3,bookmark,172,Risinājums: Apgalvojums par pilna kvadrāta dalāmību ar 3 un 9.
LV.AMO.2013.7.3,bookmark,210,Risinājums: Apgalvojums par pilna kvadrāta dalāmību ar 8 un 16.
LV.AMO.2013.7.3,bookmark,286,Risinājums: Pārbaudām pirmo apgalvojumu (par 2 un 4).
LV.AMO.2013.7.3,bookmark,343,"Risinājums: Pārbaudām trešo apgalvojumu (par 8 un 16). Iegūstam pretrunu no pieņēmuma, ka skaitlis būtu pilns kvadrāts."
LV.AMO.2013.7.3,note,"Vai var izmantot arī dalāmību ar 3 un 9? (Ja ir gadījums, kur dalāmība ar 2,4,8,16 nepalīdz – teiksim, ja izraksta skaitļus līdz ""456"": 123...455456 )",
,,,
LV.AMO.2013.7.4,title,"40.AMO, 7.klases 4.uzdevums",
LV.AMO.2013.7.4,youtube,vNAo5sk7KjA,
LV.AMO.2013.7.4,topic,trial-and-error,
LV.AMO.2013.7.4,bookmark,22,"Uzdevuma saprašana: Ko nozīmē pamatot ""vai var izkrāsot"" – divas iespējamās situācijas."
LV.AMO.2013.7.4,bookmark,74,"Risinājums: Aplūkojam taisnstūri 2x5, kas ir kvadrāta vienā malā. Metode: Uzdevuma vienkāršošana."
LV.AMO.2013.7.4,bookmark,166,"Risinājums: Taisnstūri pagriežam arī citādi un turpina izkrāsot. Pārliecināmies, ka ar 6 pietiek. Metode: Simetrija."
LV.AMO.2013.7.4,bookmark,195,Risinājums: Citi iekrāsošanas paraugi 6 rūtiņām. Metode: Atrisinājums nav unikāls.
LV.AMO.2013.7.4,bookmark,237,"Risinājums: Piemērs, kā krāsot 5 rūtiņas. Metode: Mēģinājumu un kļūdu metode."
LV.AMO.2013.7.4,bookmark,278,"Risinājums: Jāpārliecinās, ka nevar ievietot nevienu citu. Metode: Pilnā pārlase (šoreiz vienkārši ar rūpīgu aplūkošanu)."
LV.AMO.2013.7.4,bookmark,312,"Pārbaudi var veikt ar uzmanīgu aplūkošanu (lai gan figūriņu ir daudz; nevajag domāt šim nelielajam piemēram kaut kādu vispārīgu metodi, kura ļautu pārbaudīt, vai visas figūriņas tiešām ir pārklātas)."
LV.AMO.2013.7.4,note,"Vai var pamatot, ka ar 4 iekrāsotām rūtiņām noteikti nepietiek?",
,,,
LV.AMO.2013.7.5,title,"40.AMO, 7.klases 5.uzdevums",
LV.AMO.2013.7.5,youtube,IG5MsMdt7oU,
LV.AMO.2013.7.5,topic,combinatorial-game,
LV.AMO.2013.7.5,bookmark,27,Uzdevuma saprašana: Spēles noteikumi; gājienu izdarīšanas secība; spēles sākumpozīcija; kāds ir viens gājiens; ar kādu nosacījumu spēle beidzas.
LV.AMO.2013.7.5,bookmark,98,Risinājums: Centrāli simetriskie gājieni – metode kā Ivo var panākt uzvaru.
LV.AMO.2013.7.5,bookmark,197,Risinājums: Metodes pamatojums: (1) Sākuma pozīcija ir centrāli simetriska. (2) Uz katru Unas gājienu var simetriski atbildēt un brīvās rūtiņas pēc katra Ivo gājiena atkal ir centrāli simetriskas.
LV.AMO.2013.7.5,bookmark,276,Risinājums: Ivo vienmēr var izdarīt gājienu – tātad viņš uzvar.
LV.AMO.2013.7.5,bookmark,293,Atskats: Minimax algoritms Desu spēles analīzē.
LV.AMO.2013.7.5,bookmark,393,Atskats: Spēles gājienu grafs uzdevumā dotajai spēlei – Ivo iespēja vienmēr iebraukt centrāli simetriskā pozīcijā.
LV.AMO.2013.7.5,bookmark,530,"Atskats: No minimax algoritma izriet, ka kombinatoriskai spēlei (ar galīgu gājienu izvēli un galīgu gājienu skaitu, pilnu informāciju un pamīšus izdarītiem gājieniem) var uzzināt, kurš spēlētājs pareizi spēlējot uzvar. (Attiecīgi spēlēm, kurās ir paredzēts neizšķirts, var būt arī neizšķirts – piemēram, ""desu"" spēlē.)"
LV.AMO.2013.7.5,note,Minimax ilustrācija desu spēlei aizgūta no http://www.neverstopbuilding.com/minimax .,
,,,
LV.AMO.2013.8.1,title,"40.AMO, 8.klases 1.uzdevums",
LV.AMO.2013.8.1,youtube,Jb2vhUIYHFU,
LV.AMO.2013.8.1,topic,integer-equation,
LV.AMO.2013.8.1,bookmark,15,"Uzdevuma saprašana: Kuru naturālo skaitļu apakškopu aplūkojam. Pirmā cipara nosvītrošana - domāts skaitļa decimālpieraksts (piemēram, skaitīšanas sistēmā ar bāzi ""8"" līdzīgam uzdevumam nebūtu atrisinājumu)."
LV.AMO.2013.8.1,bookmark,76,Risinājums: No cik cipariem var sastāvēt atrisinājums. Metode: Gadījumu pārlase.
LV.AMO.2013.8.1,bookmark,132,Risinājums: Kā no divciparu skaitļa pieraksta iegūst vienādojumu. Metode: Algebriskas sakarības ieviešana.
LV.AMO.2013.8.1,bookmark,180,Risinājums: Veselu skaitļu vienādojums ar diviem nezināmajiem. Metode: Dalāmība veselu skaitļu vienādojumā.
LV.AMO.2013.8.1,bookmark,234,Risinājums: Līdzīgs izvedums 6-ciparu skaitlim.
LV.AMO.2013.8.1,bookmark,344,Risinājums: Atbildes formulēšana. Metode: Secināšana pēc analoģijas.
LV.AMO.2013.8.1,note,"Vai, nosvītrojot decimālpieraksta pirmo ciparu, naturāls skaitlis var samazināties 35 reizes? 37 reizes? Kāpēc?",
,,,
LV.AMO.2013.8.2,title,"40.AMO, 8.klases 2.uzdevums",
LV.AMO.2013.8.2,youtube,cXmlpA3LJAc,
LV.AMO.2013.8.2,topic,triangle-inequality,
LV.AMO.2013.8.2,bookmark,19,"Uzdevuma saprašana: Ko nozīmē ""dots trijstūris"", ""dots punkts""? ""Dots"" kā sinonīms vārdiem ""patvaļīgs"", ""jebkurš""."
LV.AMO.2013.8.2,bookmark,105,"Risinājums: Pusperimetru grūti iztēloties, reizinām ar 2. Metode: Atbrīvošanās no neērtām lietām."
LV.AMO.2013.8.2,bookmark,178,Risinājums: Zīmējums ar divkāršotiem nogriežņiem. Metode: Zīmējuma izveidošana.
LV.AMO.2013.8.2,bookmark,211,Risinājums: Trijstūru nevienādības 3 trijstūrīšos. Metode: Trijstūra nevienādības izmantošana.
LV.AMO.2013.8.2,bookmark,254,Risinājums: Nevienādību saskaitīšana un locekļu pārgrupēšana. Metode: Saskaitāmo pārkombinēšana.
LV.AMO.2013.8.2,bookmark,308,Atskats: Viena no dotajām lietām netika izmantota.
,,,
LV.AMO.2013.8.3,title,"40.AMO, 8.klases 3.uzdevums",
LV.AMO.2013.8.3,youtube,mcbQM4F-SFg,
LV.AMO.2013.8.3,topic,quadratic-equation,
LV.AMO.2013.8.3,bookmark,17,Uzdevuma saprašana: Kādi var būt reālie skaitļi.
LV.AMO.2013.8.3,bookmark,59,"Risinājums: Vienādojumi, kuri reducējami uz kvadrātvienādojumu. Metode: Mainīgā substitūcija."
LV.AMO.2013.8.3,bookmark,168,"Risinājums: Algebriski pārveidojumi, lai atdalītu kvadrātu. Metode: Pilnā kvadrāta atdalīšana."
LV.AMO.2013.8.3,bookmark,286,Risinājums: Pāreja no vienādības uz nevienādību. Metode: Saskaitāmā atmešana nevienādībā.
LV.AMO.2013.8.3,bookmark,385,Risinājums: Kvadrātvienādojums ar sakni t (kur sakne no t ir arī koeficients) Metode: Kvadrātvienādojuma diskriminants.
LV.AMO.2013.8.3,bookmark,472,Atskats: Diskriminanta un pilnā kvadrāta atdalīšanas metožu līdzvērtība.
,,,
LV.AMO.2013.8.4,title,"40.AMO, 8.klases 4.uzdevums",
LV.AMO.2013.8.4,youtube,Cvqr2NmFX94,
LV.AMO.2013.8.4,topic,using-symmetry,
LV.AMO.2013.8.4,bookmark,13,"Uzdevuma saprašana: Vienādi daudzstūri ir kongruenti - kurus var vienu par otru attēlot ar kongruences pārveidojumu (pārveidojumu, kurā saglabājas attālumi). Nav runa par vienlielām figūrām, t.i. figūrām ar vienādiem laukumiem."
LV.AMO.2013.8.4,bookmark,62,"Risinājums: Paralelograms ir figūra, ko viegli griezt mazākos paralelogramos. Metode: Pāreja uz vienkāršāku uzdevumu."
LV.AMO.2013.8.4,bookmark,105,Risinājums: Var sagriezt 3 un arī 3n gabalos. Metode: Viena gadījuma reducēšana uz citu.
LV.AMO.2013.8.4,bookmark,160,Risinājums: Astoņu gabalu iegūšana varētu sākties ar griešanu uz pusēm. Iegūtajām abām trapecēm ir 3 vienādas malas. Metode: Simetrijas izmantošana.
LV.AMO.2013.8.4,bookmark,222,Risinājums: Astoņu gabaliņu konstruēšana un to vienādības pamatošana. Metode: Palīglīniju ieviešana.
LV.AMO.2013.8.4,note,Cik daudzās daļās vēl var sagriezt regulāru sešstūri (atskaitot jau zināmos gadījumus - 8 daļas un 3*n daļas)?,
,,,
LV.AMO.2013.8.5,title,"40.AMO, 8.klases 5.uzdevums",
LV.AMO.2013.8.5,youtube,j6PdM7lk7Sg,
LV.AMO.2013.8.5,topic,exhaustive-searchr,
LV.AMO.2013.8.5,bookmark,45,"Uzdevuma saprašana: Ir tikai 4 iespējamie jautājumi. Ja uzdotu visus četrus, tad atbildēt būtu vienkārši. Uzdevums ir par to, ka vienu jautājumu allaž var ietaupīt."
LV.AMO.2013.8.5,bookmark,84,Risinājums: Cik ir kombināciju? Monotonu kombināciju?
LV.AMO.2013.8.5,bookmark,167,Risinājums: Neadaptīva stratēģija - vienmēr uzdod tos pašus jautājumus. Metode: Pretruna no pieņēmuma.
LV.AMO.2013.8.5,bookmark,225,Risinājums: Adaptīvas stratēģijas apraksts. Metode: Piemēra konstruēšana.
LV.AMO.2013.8.5,note,Vai ir jēga veidot adaptīvu stratēģiju pēc 1.jautājuma atbildes?,
LV.AMO.2013.8.5,note,"Adaptīva stratēģija - kas notiek, ja vispirms pajautātu abus malējos vai abus vidējos virknes locekļus?",
LV.AMO.2013.8.5,note,"Vai 3 locekļu virknes x_1,x_2,x_3 monotonitāti var noskaidrot ar 2 jautājumiem",
LV.AMO.2013.8.5,note,"Ja virknē ir vairāk nekā četri locekļi, vai var ietaupīt vairāk jautājumu?",
,,,
LV.AMO.2013.9.1,title,"40.AMO, 9.klases 1.uzdevums",
LV.AMO.2013.9.1,sameAs,LV.AMO.2012.9.5,
,,,
LV.AMO.2013.9.2,title,"40.AMO, 9.klases 2.uzdevums",
LV.AMO.2013.9.2,youtube,sWhEMTTHCkw,
LV.AMO.2013.9.2,topic,proof-by-contradiction,
LV.AMO.2013.9.2,bookmark,20,Uzdevuma saprašana: 4x4 rūtiņu kvadrātam ir 5x5 virsotnes.
LV.AMO.2013.9.2,bookmark,48,Risinājums: Kvadrāta virsotnēm jābūt nokrāsotām pa divām katrā krāsā. Metode: Gadījumu pārlase.
LV.AMO.2013.9.2,bookmark,83,Risinājums: Divu sarkano kvadrāta virsotņu novietojums - divi gadījumi. Metode: Pierādījums no pretējā.
LV.AMO.2013.9.2,bookmark,189,Atskats: Pretrunas iegūšanai pietika ar daudz mazāku rūtiņu režģi - vajag 2x2 kvadrātu ar 9 virsotnēm (nevis 4x4 kvadrātu ar 25 virsotnēm).
LV.AMO.2013.9.2,bookmark,218,"Atskats: ""Blēdīgi"" un ""godīgi"" trijstūru novietojumi."
LV.AMO.2013.9.2,bookmark,255,Atskats: Grūtāka uzdevuma formulējums
LV.AMO.2013.9.2,bookmark,278,"Atskats: Grūtāka uzdevuma risinājums, pieņemot pretējo."
LV.AMO.2013.9.2,bookmark,400,"Atskats: Ja dotā kvadrāta izmēri ir 4x4, tad pamatotāk risināt grūtāko uzdevumu, jo tieši tam 4x4 iznāk pats mazākais kvadrāts, kuram vienādsānu trijstūris ar virsotnēm vienā krāsā obligāti eksistē."
LV.AMO.2013.9.2,note,"Dots kvadrāts 3x3 rūtiņas. Izkrāsot tajā esošās 16 rūtiņu virsotnes divās krāsās tā, lai neeksistētu neviens ""godīgs"" (ar katetēm paralēlām kvadrāta malām) vienādsānu trijstūris, kuram visas virsotnes ir vienā krāsā.",
,,,
LV.AMO.2013.9.3,title,"40.AMO, 9.klases 3.uzdevums",
LV.AMO.2013.9.3,youtube,1y0f2s8MimI,
LV.AMO.2013.9.3,topic,decimal-representation,
LV.AMO.2013.9.3,bookmark,16,Uzdevuma saprašana: Nezināmie ir skaitļa cipari. Mēģinājumi uzminēt var būt ļoti darbietilpīgi.
LV.AMO.2013.9.3,bookmark,34,Uzdevuma saprašana: Cipari vienā divciparu skaitlī var atkārtoties - izvēle ar atkārtošanos.
LV.AMO.2013.9.3,bookmark,59,Risinājums: Cik divciparu skaitļu var izveidot no 4 cipariem - un kā tos sistemātiski sakārtot. Metode: Izvēļu koks.
LV.AMO.2013.9.3,bookmark,118,Risinājums: Vienādojuma sastādīšana ar nezināmajiem cipariem. Metode: Decimālpieraksta izmantošana.
LV.AMO.2013.9.3,bookmark,245,Risinājums: Kuru četru ciparu summa var būt 11. Metode: Gadījumu pārlase.
LV.AMO.2013.9.3,note,"Kāds būtu atrisinājums, ja cipari šajā vienādībā tiktu ņemti bez atkārtošanās? T.i. veidojam summu no tiem divciparu skaitļiem, kuri pierakstīti, izmantojot divus dažādus ciparus no dotajiem četriem cipariem - un šī summa izrādās 484.",
,,,
LV.AMO.2013.9.4,title,"40.AMO, 9.klases 4.uzdevums",
LV.AMO.2013.9.4,youtube,SFmo2aeTFT0,
LV.AMO.2013.9.4,topic,squaring,
LV.AMO.2013.9.4,bookmark,29,"Uzdevuma saprašana: Virkni viennozīmīgi uzdod pirmais loceklis un formula, kas ļauj izrēķināt katru nākamo locekli."
LV.AMO.2013.9.4,bookmark,49,Uzdevuma saprašana: Visi virknes locekļi ir pozitīvi.
LV.AMO.2013.9.4,bookmark,73,"Risinājums: Kāpinot kvadrātā, mainīgais x_n var noīsināties. Metode: Kāpināšana kvadrātā."
LV.AMO.2013.9.4,bookmark,169,Risinājums: Locekļa atmešana un pāreja uz nevienādību. Metode: Pāreja uz nevienādību.
LV.AMO.2013.9.4,bookmark,203,"Risinājums: Ja katrs nākamais virknes locekļa kvadrāts ir par 4 lielāks nekā iepriekšējā locekļa kvadrāts, tad simtais locekļa kvadrāts būs par 400 lielāks nekā nulltā locekļa kvadrāts. Metode: Indukcija."
LV.AMO.2013.9.4,bookmark,318,"Atskats: Kas notiek, ja dažādām x_0 vērtībām izrēķina x_100, un attēlo grafika veidā."
LV.AMO.2013.9.4,bookmark,390,Atskats: Vai x_100 noteikti ir lielāks par 20 un pie kura x_0 var iegūt vismazāko x_100 vērtību.
,,,
LV.AMO.2013.9.5,title,"40.AMO, 9.klases 5.uzdevums",
LV.AMO.2013.9.5,youtube,ueXWH7a_hmA,
LV.AMO.2013.9.5,topic,inscribed-angles,
LV.AMO.2013.9.5,bookmark,16,Uzdevuma saprašana: Kas ir riņķis (figūras robeža - riņķa līnija kopā ar riņķa iekšpusi)
LV.AMO.2013.9.5,bookmark,36,"Uzdevuma saprašana: Ko nozīmē pārklāšana. Katram punktam četrstūrī eksistē kāds no riņķiem, kuram viņš pieder."
LV.AMO.2013.9.5,bookmark,55,Uzdevuma saprašana: Kas ir izliekts četrstūris.
LV.AMO.2013.9.5,bookmark,85,"Risinājums: Pieņemam, ka ir punkts, kuru nepārklāj neviens no četriem riņķiem. Metode: Spriedums no pretējā."
LV.AMO.2013.9.5,bookmark,106,"Risinājums: Leņķis, kura abas malas iet caur riņķa diametru, bet virsotne ir ārpus šī riņķa noteikti ir šaurs. Metode: Ievilktais leņķis."
LV.AMO.2013.9.5,bookmark,165,Risinājums: Četru leņķu summa ir vienlaikus vienāda un arī mazāka par 360 grādiem. Metode: Spriedums no pretējā.
,,,
LV.AMO.2013.10.1,title,"40.AMO, 10.klases 1.uzdevums",
LV.AMO.2013.10.1,youtube,zgtN_jL_4Ks,
LV.AMO.2013.10.1,topic,continuity,
LV.AMO.2013.10.1,bookmark,40,Uzdevuma saprašana: Pa vienai saknei diviem dažādiem kvadrātvienādojumiem.
LV.AMO.2013.10.1,bookmark,91,Risinājums: Ievietojam kvadrāttrinomā. Metode: Identiskie pārveidojumi.
LV.AMO.2013.10.1,bookmark,284,"Risinājums: Saknes eksistēšana, izmantojot nepārtrauktību. Metode: Nepārtrauktu funkciju īpašības."
LV.AMO.2013.10.1,bookmark,348,"Risinājums: Robežgadījumi, kad x_3 sakrīt ar x_1 vai x_2. Metode: Gadījumu pārlase."
LV.AMO.2013.10.1,bookmark,400,Atskats: Nepārtraukta funkcija ieņem visas starpvērtības.
LV.AMO.2013.10.1,bookmark,441,Atskats: Sakņu kvalitatīva pētīšana neprasa risināt vienādojumu.
,,,
LV.AMO.2013.10.2,title,"40.AMO, 10.klases 2.uzdevums",
LV.AMO.2013.10.2,youtube,25fEje8cBsk,
LV.AMO.2013.10.2,topic,inscribed-angles,
LV.AMO.2013.10.2,bookmark,25,"Uzdevuma saprašana: Viennozīmīga konstrukcija, ja dots trijstūris."
LV.AMO.2013.10.2,bookmark,61,Risinājums: Riņķa pieskare un normāle. Metode: Riņķa līnijas īpašības.
LV.AMO.2013.10.2,bookmark,96,Risinājums: Ievilktie leņķi ir vienādi. Metode: Ievilktie leņķi.
LV.AMO.2013.10.2,bookmark,153,Risinājums: Leņķis starp pieskari un hordu. Metode: Ievilktie leņķi.
LV.AMO.2013.10.2,bookmark,208,"Risinājums: Riņķa novietošana tā, lai tas pieskartos AB punktā D un ietu arī caur C. Metode: Ģeometriska konstrukcija"
LV.AMO.2013.10.2,bookmark,272,Risinājums: Leņķu vienādības. Metode: Ievilktie leņķi.
LV.AMO.2013.10.2,bookmark,336,"Risinājums: Taišņu paralelitāte, izmantojot leņķus ar šķērso taisni. Metode: Šķērsleņķu īpašības."
,,,
LV.AMO.2013.10.3,title,"40.AMO, 10.klases 3.uzdevums",
LV.AMO.2013.10.3,youtube,SpM9lx1dtGA,
LV.AMO.2013.10.3,topic,case-analysis,
LV.AMO.2013.10.3,bookmark,30,"Uzdevuma saprašana: Ko nozīmē uzdevuma izvirzītais mērķis - atrast mazāko n, kuram eksistē... (Jāatrod konstrukcija ar n-heksu, ar kuru nevar aizpildīt, un arī jāpamato, ka ar visiem mazākiem heksiem var aizpildīt.)"
LV.AMO.2013.10.3,bookmark,100,Risinājums: Visu iespējamo heksu pārskats. Metode: Gadījumu pārlase
LV.AMO.2013.10.3,bookmark,213,Risinājums: Kopīgais sešstūrīšu skaits ir 36; tādēļ 5-heksos sadalīt nevar. Metode: Skaitļu dalāmība.
LV.AMO.2013.10.3,bookmark,251,Risinājums: Sešstūrveida figūras (ar caurumu) sadalīšana 3 kongruentos gabalos. Metode: Simetrijas izmantošana.
LV.AMO.2013.10.3,bookmark,406,"Risinājums: Piemērs, kādēļ ar 4-heksu nevar Metode: Konstrukcija."
,,,
LV.AMO.2013.10.4,title,"40.AMO, 10.klases 4.uzdevums",
LV.AMO.2013.10.4,youtube,0URgsDdpP-A,
LV.AMO.2013.10.4,topic,pigeonhole-principle,
LV.AMO.2013.10.4,bookmark,15,"Uzdevuma saprašana: Nosacījuma sekas - katrai 51 skaitļa izvēlei eksistē divi skaitļi, no kuriem viens dalās ar otru."
LV.AMO.2013.10.4,bookmark,38,"Risinājums: Kas notiktu, ja būtu jāizvēlas tikai 50 skaitļi (varētu atrast tādus skaitļus, no kuriem nekādi divi savstarpēji nedalās.) Metode: Aizstājam uzdevumu ar citu."
LV.AMO.2013.10.4,bookmark,70,"Risinājums: Vai skaitu 50 var palielināt tā, lai īpašība (nekādi divi skaitļi nedalās) saglabātos. Metode: Intuīcija."
LV.AMO.2013.10.4,bookmark,125,"Risinājums: Veidojam skaitļu virknītes, kur katri divi locekļi dalās viens ar otru. Metode: Kopas dalīšana klasēs."
LV.AMO.2013.10.4,bookmark,214,"Risinājums: Pamatojums, ka virkņu ir 50; un katrs skaitlis pieder tieši vienai virknei. Metode: Kopas dalīšana klasēs."
LV.AMO.2013.10.4,bookmark,280,"Risinājums: Ja izvēlamies 51 skaitļus no 50 virknītēm, tad vismaz vienā virknītē būs vismaz divi no izvēlētajiem skaitļiem. Metode: Dirihlē princips."
LV.AMO.2013.10.4,bookmark,327,"Pierādīts stiprāks apgalvojums - var atrast ne vien divus skaitļus, kuri viens ar otru dalās, bet arī tādus, kurus dalot iegūst divnieka pakāpi (2,4,8,16,32 vai 64)."
LV.AMO.2013.10.4,note,"51 skaitli no 100 var izvēlēties 98913082887808032681188722800 dažādos veidos - tā ir kombinācija no 100 pa 51, ko aprēķina ar formulu 100!/(51!*49!). Mūsu risinājums izmantoja Dirihlē principu, kas attiecas uz visām iespējām izvēlēties 51 skaitli.",
,,,
LV.AMO.2013.10.5,title,"40.AMO, 10.klases 5.uzdevums",
LV.AMO.2013.10.5,youtube,CiiboXnTWS0,
LV.AMO.2013.10.5,topic,even-odd-numbers,
LV.AMO.2013.10.5,bookmark,15,Uzdevuma saprašana: Skaitļu novietojums pa apli un blakusesamības attiecība.
LV.AMO.2013.10.5,bookmark,40,Uzdevuma saprašana: Blakusesošo skaitļu attiecība nozīmē lielāko dalīt ar mazāko.
LV.AMO.2013.10.5,bookmark,63,"Risinājums: Piemēri, kā izrakstīt 2, 4, 6 skaitļus. Metode: Cita uzdevuma risināšana."
LV.AMO.2013.10.5,bookmark,140,"Risinājums: Skaitļa izteikšana ar 2 un 3 pakāpju reizinājumu ar citu skaitli, kas ar 2 vai 3 nedalās. Metode: Skaitļa dalīšana pirmreizinātājos."
LV.AMO.2013.10.5,bookmark,192,"Risinājums: Kas notiek ar dalījumu pirmreizinātājos, ja reizina vai dala ar 2, 3, 12 vai 18. Metode: Gadījumu pārlase."
LV.AMO.2013.10.5,bookmark,269,"Risinājums: Ja pirmskaitļu 2 un 3 kāpinātāju summa ir pāru skaitlis, tad kaimiņos jābūt skaitlim ar kāpinātāju summu - nepāru skaitli. Metode: Pāru un nepāru skaitļi."
LV.AMO.2013.10.5,bookmark,342,"Atskats: Skaitļu apļa attēlošana uz šaha galdiņa. Reizināšana vai dalīšana ar 2, 3, 12 vai 18 līdzinās pārejai uz pretējās krāsas lauciņu."
,,,
LV.AMO.2013.11.1,title,"40.AMO, 11.klases 1.uzdevums",
LV.AMO.2013.11.1,youtube,luIp4XRAFLk,
LV.AMO.2013.11.1,topic,modular-arithmetic,
LV.AMO.2013.11.1,bookmark,15,Uzdevuma saprašana: Ko nozīmē dalīšanās ar 169?
LV.AMO.2013.11.1,bookmark,35,Risinājums: Apgalvojums - polinoma vērtības atlikumu (dalot ar 13) nosaka mainīgā atlikums (dalot ar 13). Trīs svītriņas - kongruences simbols. Metode: Modulārā aritmētika.
LV.AMO.2013.11.1,bookmark,126,Risinājums: Visi 13 iespējamie atlikumi un polinoma vērtības. Metode: Gadījumu pārlase.
LV.AMO.2013.11.1,bookmark,228,"Risinājums: Kāda ir polinoma vērtība, ja ievieto n, kas dod atlikumu 8 dalot ar 13. Metode: Substitūcija."
LV.AMO.2013.11.1,bookmark,329,"Atskats: Kā var risināt, ja mēs jau no sākuma zinām, ka polinoma vērtības, kas dalās ar 13, dod atlikumu 39, ja tās dala ar 169. Metode: Uzmini un pārbaudi."
,,,
LV.AMO.2013.11.2,title,"40.AMO, 11.klases 2.uzdevums",
LV.AMO.2013.11.2,youtube,5Ir-ExKzdYU,
LV.AMO.2013.11.2,topic,trigonometry,
LV.AMO.2013.11.2,bookmark,12,Uzdevuma saprašana: Dažāda garuma diagonāles regulārā n-stūrī.
LV.AMO.2013.11.2,bookmark,41,Risinājums: Diagonāļu garumu izteikšana ar sinusu. Metode: Trigonometrija.
LV.AMO.2013.11.2,bookmark,182,Risinājums: Vērtību ievietošana. Metode: Uzmini un pārbaudi.
LV.AMO.2013.11.2,bookmark,247,"Atskats: Alternatīvs risinājums - uzzīmē 12-stūri, uzvelkot dažas diagonāles pārliecinās, ka divu īsāko diagonāļu garumu summa ir vienāda ar garāko 12-stūra diagonāli. Metode: Konstrukcijas papildināšana."
LV.AMO.2013.11.2,note,"Risinājums (divas vienādas diagonāles summā dod apvilktā riņķa diametru) var šķist īpatnējs; faktiski - situācijas, kur divu diagonāļu garumu summa sakrīt ar trešo diagonāli, ir diezgan bieži sastopama. Var, teiksim, pamatot, ka sin30° + sin18° = sin54° - un novilkt trīs diagonāles regulārā 30-stūrī, kam divu diagonāļu summa būs vienāda ar trešo diagonāli.",
LV.AMO.2013.11.2,note,"Uz apļveida pulksteņa ciparnīcas ārmalas vienādos attālumos atzīmēti 12 punkti: P_12, P_1, P_2, ..., P_11. Pamatot, ka regulārajā 12-stūrī malas un diagonāles summa vienāda sd ar trešo malu: P_{12}P_1 + P_1P_4 = P_{12}P_5",
LV.AMO.2013.11.2,note,"Regulārā 9-stūrī novilkt trīs diagonāles tā, lai divu diagonāļu summa būtu vienāda ar trešo diagonāli.",
LV.AMO.2013.11.2,note,"Parādīt, ka ikvienā regulārā 3n-stūrī (n&gt;=2) var novilkt trīs diagonāles tā, lai divu diagonāļu summa būtu vienāda ar trešo diagonāli.",
,,,
LV.AMO.2013.11.3,title,"40.AMO, 11.klases 3.uzdevums",
LV.AMO.2013.11.3,youtube,Nv-ofI9eTiU,
LV.AMO.2013.11.3,topic,sequences,
LV.AMO.2013.11.3,bookmark,26,"Uzdevuma saprašana: Neierobežoti daudzi skaitļi, kas ir 3 un 5 pakāpju reizinājumi; tātad neierobežoti daudzu skaitļu saskaitīšana."
LV.AMO.2013.11.3,bookmark,79,Risinājums: Skaitļa izteikšana ar pirmskaitļa pakāpēm. Metode: Viennozīmīga sadalīšana pirmreizinātājos.
LV.AMO.2013.11.3,bookmark,107,Risinājums: Nevienādības vienas puses papildināšana ar jauniem saskaitāmajiem. Metode: Nevienādības pārveidošana.
LV.AMO.2013.11.3,bookmark,212,Risinājums: Skaitļu tabulas summas pārveidošana par divu summu reizinājumu. Metode: Dalīšana reizinātājos.
LV.AMO.2013.11.3,bookmark,259,Risinājums: Ģeometriskas progresijas summas formula. Metode: Algebriska identitāte.
LV.AMO.2013.11.3,bookmark,337,Risinājums: Ģeometriskas progresijas summas formulas pielietojums. Metode: Ģeometriskās progresijas summa.
LV.AMO.2013.11.3,bookmark,493,"Atskats: Nevienādības kreisās puses papildināšana ar jauniem saskaitāmajiem, sadalīšana reizinātājos, ģeometriskas progresijas summa, noapaļošana uz augšu."
LV.AMO.2013.11.3,note,"Kas notiek, ja atļauj arī pāru skaitļus?",
LV.AMO.2013.11.3,note,"Kas notiek, ja summē virknes a_n locekļu apgrieztus kvadrātus? Vai kvadrātsaknes?",
LV.AMO.2013.11.3,note,"Kas notiek, ja atļauj arī citus pirmreizinātājus - lielākus par 5?",
,,,
LV.AMO.2013.11.4,title,"40.AMO, 11.klases 4.uzdevums",
LV.AMO.2013.11.4,youtube,sXP1nnsLBy4,
LV.AMO.2013.11.4,topic,graphs,
LV.AMO.2013.11.4,bookmark,49,"Uzdevuma saprašana: Orientēts grafs ar izkrāsotām šķautnēm (2 krāsas), bet bez cilpām vienā krāsā."
LV.AMO.2013.11.4,bookmark,84,Risinājums: Divu pilsētu gadījums. Metode: Vienkāršāks uzdevums.
LV.AMO.2013.11.4,bookmark,112,Risinājums: Pāreja uz lielāku pilsētu skaitu. Metode: Matemātiskā indukcija.
LV.AMO.2013.11.4,bookmark,153,Risinājums: Kopskats - kāds izskatīsies risinājums 2013 pilsētu gadījumā? Metode: Kopas sakārtošana.
LV.AMO.2013.11.4,bookmark,194,"Risinājums: Pamatojums, kādēļ nevar izveidot cilpu. Metode: Sakārtojuma transitivitāte."
LV.AMO.2013.11.4,bookmark,255,Atskats: Orientēti grafi un galīgas kopas pilns sakārtojums.
LV.AMO.2013.11.4,note,"Kas mainās uzdevuma atrisinājumā, ja divas pilsētas atrodas tieši uz viena meridiāna - t.i. nevar pateikt, kura atrodas uz rietumiem no otras?",
LV.AMO.2013.11.4,note,Trīs bultiņu krāsas - katrā pietiekami garā ciklveida maršrutā izmantotas visas trīs?,
,,,
LV.AMO.2013.11.5,title,"40.AMO, 11.klases 5.uzdevums",
LV.AMO.2013.11.5,youtube,3ODAF9SC0IQ,
LV.AMO.2013.11.5,topic,topology,
LV.AMO.2013.11.5,bookmark,25,"Uzdevuma saprašana: Kā formāli saprast jēdzienus ""uz galda virsmas izvietoti"", ""iedurt adatu"", ""piesprausts""?"
LV.AMO.2013.11.5,bookmark,108,"Risinājums: Kvadrātiņu aizstāšana ar to centriem un apgabala apzīmēšana, kur var atrasties šie centri. Metode: Zīmējuma izveidošana."
LV.AMO.2013.11.5,bookmark,168,"Risinājums: Adatas ""apkārtne"" un apkārtņu pārklāšanās. Metode: Iespējamā atrisinājuma īpašības."
LV.AMO.2013.11.5,bookmark,240,Risinājums: Kādēļ adatu apkārtnes nevar pārklāties? Metode: Kopu īpašības.
LV.AMO.2013.11.5,bookmark,280,Risinājums: Atrisinājums adatu režģa veidā. Kādēļ nevienu lapiņu necaurdur divas adatas? Metode: Plaknes aizpildīšana.
LV.AMO.2013.11.5,bookmark,392,"Risinājums: Ko darīt, ja kvadrātiņu centri nonāk uz apkārtņu robežām. Metode: Kopu kardinalitāte."
LV.AMO.2013.11.5,note,"Cik dažādi kvadrātveida režģa stāvokļi jāizvēlas (pa horizontāli vai pa vertikāli), lai noteikti varētu izvairīties no N atzīmētajiem punktiem (kvadrātveida lapiņu centriem)?",
LV.AMO.2013.11.5,note,"Kas mainās, ja uzskatām, ka kvadrātveida papīra gabaliņam nav pilnībā jāatrodas uz galda virsmas (bet tikai smaguma centram jāatrodas uz galda, vai tikai nedaudz jāpārklājas ar galda virsmu)?",
LV.AMO.2013.11.5,note,"Kas notiek, ja par caurdurtu uzskata arī tādu lapiņu, kam adata tikai pieskaras?",
LV.AMO.2013.11.5,note,"Kas notiek, ja adatas drīkst durt arī galda malās vai stūros (nevis tikai iekšpusē)?",
LV.AMO.2013.11.5,note,"Kas notiek, ja papīra gabaliņu ir bezgalīgi daudz (bet viņus var sanumurēt ar naturāliem skaitļiem)?",
,,,
LV.AMO.2013.12.1,title,"40.AMO, 12.klases 1.uzdevums",
LV.AMO.2013.12.1,youtube,2x9kPeaKJDg,
LV.AMO.2013.12.1,topic,inequalities,
LV.AMO.2013.12.1,bookmark,13,Risinājums: Intervāla sašaurināšana uz definīcijas apgabalu. Metode: Funkcijas pētīšana.
LV.AMO.2013.12.1,bookmark,67,"Risinājums: Intervāla tālāka sašaurināšana, aplūkojot izteiksmes zīmi. Metode: Funkcijas pētīšana."
LV.AMO.2013.12.1,bookmark,120,"Risinājums: Katra reizinātāja novērtēšana no augšas intervālā (1,3). Metode: Novērtēšana no augšas."
LV.AMO.2013.12.1,bookmark,227,Risinājums: Nevienādību reizinājuma novērtēšana. Metode: Darbības ar nevienādībām.
,,,
LV.AMO.2013.12.2,title,"40.AMO, 12.klases 2.uzdevums",
LV.AMO.2013.12.2,youtube,mI4WrwRl5Uk,
LV.AMO.2013.12.2,topic,triangle-geometry,
LV.AMO.2013.12.2,bookmark,25,Risinājums: Zīmējums vispārīga izskata šaurleņķu (un arī platleņķa) trijstūrim. Metode: Zīmējuma izveidošana.
LV.AMO.2013.12.2,bookmark,61,Risinājums: Viduslīnija atdala sākotnējam līdzīgu trijstūri; līdzības koeficients ir 1/2 un trijstūri ir homotētiski. Tai skaitā - mazajam trijstūrim apvilktā riņķa līnija ir homotētisks attēls lielajam trijstūrim apvilktajai riņķa līnijai. Metode: Figūru līdzība.
LV.AMO.2013.12.2,bookmark,126,"Risinājums: Lielās riņķa līnijas centrs atrodas uz mazās riņķa līnijas, kura lielajai pieskaras un ir ar divreiz mazāku rādiusu. Metode: Riņķa īpašības."
LV.AMO.2013.12.2,bookmark,144,Risinājums: Jebkura no 3 riņķa līnijām iet caur ABC apvilktās riņķa līnijas centru. Metode: Simetrijas izmantošana.
LV.AMO.2013.12.2,bookmark,191,"Atskats: Izmantotās ģeometrijas zināšanas: trijstūru līdzība, divu iekšēji pieskarošos riņķa līniju homotētija."
,,,
LV.AMO.2013.12.3,title,"40.AMO, 12.klases 3.uzdevums",
LV.AMO.2013.12.3,youtube,NJydU7N5E8M,
LV.AMO.2013.12.3,topic,modular-arithmetic,
LV.AMO.2013.12.3,bookmark,16,"Uzdevuma saprašana: Kādas pieejas droši vien neder - nav cerību uzminēt sakni, pārlasīt visus gadījumus, uzreiz pamanīt, kas kopīgs visiem skaitļiem formā 6^x + 13^y, nevienādības, novērtējumi vai definīcijas apgabali... Reālos skaitļos vienādojumu atrisināt viegli (logaritms). Vienīgā perspektīvā metode, lai risinātu veselos skaitļos - aplūkot kādas skaitļu īpašības vienādojuma kreisajā un labajā pusē. Piemēram, dalāmību ar kādu skaitli. Pāru/nepāru pieeja neder; jāaplūko lielāki skaitļi. Metode: Modulārā aritmētika."
LV.AMO.2013.12.3,bookmark,94,"Risinājums: Aplūkojam atlikumus, dalot ar 3, 5 un 7. Metode: Gadījumu pārlase."
LV.AMO.2013.12.3,bookmark,116,"Risinājums: Kongruences apzīmējums (mod 7); un kongruences skaitļu 6, 13 un 29 veselām pakāpēm. Metode: Modulārā aritmētika."
LV.AMO.2013.12.3,bookmark,296,"Risinājums: Nav iespējams, ka (+1/-1) + (+1/-1) kongruents ar 1 (mod 7). Metode: Spriedums no pretējā."
LV.AMO.2013.12.3,note,"Pamatojums tam, ka vesela skaitļa pakāpju atlikumi, dalot ar kādu citu veselu skaitli, veido periodisku virkni.",
LV.AMO.2013.12.3,note,"Ar kādu citu skaitļu atlikumiem iespējams pamatot, ka vienādojumam nav atrisinājumu?",
,,,
LV.AMO.2013.12.4,title,"40.AMO, 12.klases 4.uzdevums",
LV.AMO.2013.12.4,youtube,6DJBsQoRog0,
LV.AMO.2013.12.4,topic,induction,
LV.AMO.2013.12.4,bookmark,66,Uzdevuma saprašana: Kas ir formālās valodas? Kādi ir ierobežojumi vārdu veidošanai.
LV.AMO.2013.12.4,bookmark,92,"Risinājums: Orientēts grafs, kas parāda patskaņu/līdzskaņu izvēlēšanos - pirmos 3 soļus. Metode: Lēmumu koki."
LV.AMO.2013.12.4,bookmark,293,"Risinājums: Apzīmējumi P(n) un L(n) - n-burtu vārdu skaits (arī lēmumu koks), kas sākas attiecīgi ar patskani vai ar līdzskani. Metode: Apzīmējumu ieviešana."
LV.AMO.2013.12.4,bookmark,400,Risinājums: Identiskie pārveidojumi ar P(n) un L(n) apzīmējumiem. Metode: Summas locekļu pārgrupēšana.
LV.AMO.2013.12.4,bookmark,468,Risinājums: Patskaņu un līdzskaņu virknīšu saskaitīšana. Metode: Reizināšanas likums kombinatorikā.
LV.AMO.2013.12.4,bookmark,610,Risinājums: Pierādāmās formulas iegūšana. Metode: Summas locekļu pārgrupēšana.
LV.AMO.2013.12.4,note,"Iegūtā formula ir rekursīva izteiksme, kas ļauj rēķināt jebkura garuma vārdu skaitu dotajā valodā. Izteikt S(1), S(2), S(3)",
LV.AMO.2013.12.4,note,"Ar kādu citu skaitļu atlikumiem iespējams pamatot, ka vienādojumam nav atrisinājumu?",
,,,
LV.AMO.2013.12.5,title,"40.AMO, 12.klases 5.uzdevums",
LV.AMO.2013.12.5,youtube,bjZc82a83cU,
LV.AMO.2013.12.5,topic,induction,
LV.AMO.2013.12.5,bookmark,29,"Uzdevuma saprašana: Regulārs trijstūris arī apmierinātu uzdevuma nosacījumu; bet mums visticamāk vajadzīgs trijstūris, kura malu garumi atšķiras nedaudz."
LV.AMO.2013.12.5,bookmark,61,Risinājums: 4x4 rūtiņu kvadrātā iezīmēta trijstūra piemērs. Metode: Mēģinājumu un kļūdu metode. Pitagora teorēma.
LV.AMO.2013.12.5,bookmark,101,"Risinājums: ""Gandrīz regulāra"" trijstūra jēdziens. Metode: Ekstrēma sasniegšana."
LV.AMO.2013.12.5,bookmark,162,Risinājums: Rūtiņu plaknes kvadrātā a*a iezīmētu trijstūru malu garumu izteikšana ar a un b. Metode: Pitagora teorēma. Gadījumu pārlase.
LV.AMO.2013.12.5,bookmark,324,Risinājums: Trijstūru virknes veidošana; nākamo locekļu izteikšana ar iepriekšējiem. Metode: Rekursīva definīcija.
LV.AMO.2013.12.5,bookmark,373,Risinājums: Malu sakarības pierādījums visai virknei. Metode: Matemātiskā indukcija.
LV.AMO.2013.12.5,bookmark,605,Risinājums: Uzdevuma nosacījumiem atbilstoša trijstūra atrašana virknē. Metode: Reizināšana ar saistīto izteiksmi. Nevienādību pārveidojumi.
LV.AMO.2013.12.5,bookmark,770,Risinājums: Kādēļ augoša trijstūru perimetru virkne pārsniegs 4026^2. Metode: Naturālu skaitļu īpašības.
LV.AMO.2013.12.5,note,"Citas iespējas, kā varēja konstruēt trijstūru virkni (teiksim, kāpinot (2-sqrt(3)) dažādās pakāpēs un aplūkojot veselo skaitli un koeficientu pie saknes no 3)",
LV.AMO.2013.12.5,note,Kādēļ rūtiņu plaknē nevar iezīmēt regulāru trijstūri?,
LV.AMO.2013.12.5,note,"Vai var vispārināt citam daudzstūrim (pamatot, ka malu starpības un arī leņķu starpības ir patvaļīgi mazas).",
LV.AMO.2013.12.5,note,"Pamatot, ka b_n/a_n attiecība neierobežoti tuvojas tg(15°)",
LV.AMO.2013.12.5,note,"Pamatot, ka tg(15°)=2-sqrt(3)",
,,,
LV.AMO.2014.5.1,title,"41.AMO, 5.klases 1.uzdevums",
LV.AMO.2014.5.1,youtube,UWuWNCKsSwk,
LV.AMO.2014.5.1,topic,proportions,
LV.AMO.2014.5.1,bookmark,34,"Uzdevuma saprašana: Mērvienības, daļas un procenti."
LV.AMO.2014.5.1,bookmark,86,Risinājums: Daļu vizualizēšana ar nogriežņiem. Metode: Kopu diagrammas.
LV.AMO.2014.5.1,bookmark,140,Risinājums: Atbilžu iegūšana prasītajā formā.
,,,
LV.AMO.2014.5.2,title,"41.AMO, 5.klases 2.uzdevums",
LV.AMO.2014.5.2,youtube,9POaCeXqWvo,
LV.AMO.2014.5.2,topic,proportions,
LV.AMO.2014.5.2,bookmark,15,"Uzdevuma saprašana: Skaitļu, ko var pierakstīt ar minētajiem cipariem ir ļoti daudz."
LV.AMO.2014.5.2,bookmark,44,Uzdevuma saprašana: Kāds varētu izskatīties atrisinājums
LV.AMO.2014.5.2,bookmark,70,Risinājums: Aritmētiskās darbības ar pēdējiem cipariem. Metode: Atlikumu aritmētika.
LV.AMO.2014.5.2,bookmark,130,Risinājums: Kurš cipars mazākajā no skaitļiem var būt pēdējais? Metode: Gadījumu pārlase.
LV.AMO.2014.5.2,bookmark,159,Risinājums: Pēdējais cipars nevar būt neviens no uzdevuma nosacījumā minētajiem. Metode: Pamatojums no pretējā.
LV.AMO.2014.5.2,bookmark,177,"Atskats: Atlikumu dalot ar 10 (jeb skaitļa pēdējo ciparu) pārvērtību grafiks, ja reizina ar 3."