L1,L2,L3,L4,L5,Label,TitleLv,DescriptionLv,Piezīmes
1,0,0,0,0,Algebra,Algebra,Visi uzdevumi par algebru,
1,1,0,0,0,AlgebraicTransformations,Pārveidojumi un teksta uzdevumi,"Uzdevumi par skaitļiem, to darbībām un skaitliskām nevienādībām. Teksta uzdevumu pārrakstīšana, izveidojot algebrisku modeli; manipulācijas ar algebriskām izteiksmēm.",
1,1,1,0,0,Identities,Identitātes,Aritmētisku vai algebrisku identitāšu pamatošana vai lietošana izteiksmju pārveidojumos.,
1,1,1,1,0,ArithmeticIdentities,Identitātes un darbības ar naturāliem skaitļiem,Veselu skaitļu aritmētikas piemēri un aritmētiskas sakarības teksta uzdevumos un aprēķinos.,Sk. https://problems.ru/view_by_subject_new.php?parent=849
1,1,1,2,0,StandardIdentities,Pamatidentitāšu lietošana,"Summas kvadrāta formula $(a+b)^2 = a^2 + 2ab + b^2$; kvadrātu starpība $a^2 - b^2$; pakāpju īpašības, piemēram, $(a^m)^n = a^{mn}$.",
1,1,1,3,0,AdvancedIdentities,Dažas nestandarta identitātes,Augstāku pakāpju summa un starpība; Ņūtona binoms; S.Žermēnas identitāte; $a^3+b^3+c^3-3abc$,
1,1,1,4,0,CompletingSquare,Pilnā kvadrāta atdalīšana,"Kvadrātiskas izteiksmes pārveidošana, lai pazustu lineārais saskaitāmais. Piemēram $x^2 + px + q = (x+p/2)^2 + (q-p^2/4)$",
1,1,2,0,0,SymmetricAlgebraicExpressions,Simetriskas un homogēnas izteiksmes,Simetriskas izteiksmes un darbības ar homogēnām algebriskām izteiksmēm,
1,1,3,0,0,ConjugateExpressions,Saistītās izteiksmes,"Algebriski pārveidojumi, piereizinot ar saistīto izteiksmi",
1,1,4,0,0,IntegerExpressionsAndOperations,Operācijas ar veselu skaitļu izteiksmēm,"Problems involving integer arithmetic, puzzles to fill in digits and operation signs, simple magic squares and other magic configurations. ",
1,1,5,0,0,ComplexNumbers,Kompleksie skaitļi,"Darbības ar kompleksajiem skaitļiem algebriskajā, trigonometriskajā vai eksponenciālajā formā. Kompleksi saistītais skaitlis. Kompleksa skaitļa modulis. Kompleksu skaitļu kāpināšana. ""Vieninieka saknes"" kompleksajā plaknē.",Sadaļa parasti būs algebras vai trigonometrijas uzdevumu risināšanas metode (interpretācija). Ģeometrijas uzdevumu interpretācijas ar kompleksiem skaitļiem sk. zem ģeometrijas.
1,1,6,0,0,DecomposingExpressionAsSum,Izteiksmju sadalīšana saskaitāmajos,"Racionālu daļu pārveidošana par summām vai starpībām, tsk. ieviešot nenoteiktos koeficientus.",
1,2,0,0,0,AlgebraicEquations,Vienādojumi,"Algebras uzdevumi, kuros prasīts atrisināt vienādojumu vai noteikt vienādojuma sakņu skaitu. Uzdevumi, kuros jāpēta vienādojuma atrisinājuma eksistence, jāpierāda, ka eksistē atrisinājums vai ka tas neeksistē.",
1,2,1,0,0,EquationSolving,Vienādojumu risināšana,"Uzdevumi, kur vienādojumus risina ar algebriskiem pārveidojumiem. Risināmie vienādojumi parasti ir reālos skaitļos (var būt rakstīts vienkārši ""atrisināt vienādojumu"", kas pats par sevi nozīmē, ka nav jāaprobežojas ar veseliem vai naturāliem skaitļiem). ",
1,2,1,1,0,EquationFactorization,Sadalīšana reizinātājos,"Vienādojumu dalīšana reizinātājos, tsk. izmantojot uzminētas saknes",
1,2,1,2,0,EquationSubstitution,Jaunu mainīgo ieviešana,"Vienādojumu risināšana ar substitūcijas metodi, apzīmējot apakšizteiksmes ar jauniem mainīgajiem. ",
1,2,1,3,0,EquationsApplyInequalities,Nevienādību pielietošana,"Vienādojumu analīze, izmantojot zināmas nevienādības.",
1,2,1,4,0,EquationComparingSidesAsFunctions,"Vienādojuma abu pušu pētīšana, uztverot tās kā funkcijas","Parametrizēt vairāku mainīgo vienādojumu, pieņemot kādu no mainīgajiem par parametru; tad pētīt abas puses kā funkcijas no otra mainīgā.",
1,2,1,5,0,EquationReductionToSystem,Vienādojuma reducēšana uz vienādojumu sistēmu,,
1,2,1,6,0,FundamentalTheoremAlgebra,Algebras pamatteorēma,"Algebras pamatteorēma reālo skaitļu variantā - ja $n$-tās pakāpes polinomam $P(x)$ ir $n$ saknes, tad to var izteikt kā vecākā koeficienta $a_n$ reizinājumu ar pirmās pakāpes polinomiem $x_x_i$, kur $x_i$ ir $i$-tā sakne. Un ja polinomam ir sakne $x_i$, tātad tas dalās ar $x-x_i$ bez atlikuma.",
1,2,2,0,0,EquationAnalysis,"Vienādojumu pētīšana, tos neatrisinot",Pamatojami apgalvojumi par vienādojumiem vai to saknēm (bet bez prasības atrast šīs saknes).,
1,2,2,1,0,QuadraticEquationRootConditions,Kvdrātvienādojuma atrisinājuma eksistences nosacījumi,,
1,2,2,2,0,InequalityApplication,Nevienādību lietošana,,
1,2,2,3,0,VietaFormulas,Vjeta formulu lietošana,,
1,2,2,4,0,DescartesRuleOfSigns,Dekarta likums,"Polinoma pozitīvo sakņu skaits vienāds ar zīmju maiņu skaitu polinoma koeficientos, vai arī ir mazāks nekā zīmju maiņu skaits par pāra skaitli",
1,2,2,5,0,EquationSolvingWithRealAnalysis,Matemātiskās analīzes metodes,Reālās analīzes izmantošana algebras uzdevumos,
1,2,2,5,1,EquationsAndMonotonicity,Monotonitātes izmantošana,"Vienādojuma risināšana, nepārtraukti vai nelielos soļos palielinot vienu vai samazinot otru vienādojuma pusi",
1,2,2,5,2,EquationsAndContinuity,Nepārtrauktības izmantošana,"Vienādojumu risināšana, izmantojot funkciju nepārtrauktības īpašības.",
1,2,2,5,3,EquationsAndExtremeValues,Ekstrēmu vērtību izmantošana,"Vienādojumu risināšana, aplūkojot ekstrēmās vērtības",
1,2,2,5,4,EquationsAndIntegrals,Integrāļa izmantošana,"Vienādojumu risināšana, izmantojot integrāļus un to īpašības.",
1,2,2,5,5,EquationsAndFunctionPlots,Grafiku pielietošana,"Vienādojumu risināšana, izmantojot funkciju grafikus Dekarta koordinātēs.",
1,3,0,0,0,ProvingInequalities,Nevienādības,"Uzdevumi, kuros jāpierāda vai jāapgāž, ka vienmēr ir pareiza kāda nevienādība. Kā arī uzdevumi, kuros jārisina nevienādības kādam mainīgajam.",
1,3,1,0,0,InequalitiesEquivalentTransformations,Ekvivalento pārveidojumu metode,"Pamatojamo nevienādību ķēdītes izrakstīšana tā, ka ikviena nākamā nevienādība ir ekvivalenta ar pirmo",
1,3,2,0,0,InequalityProvingStronger,Nevienādības pastiprināšanas metode,"Pamatojamo nevienādību ķēdītē nevienādības tiek pastiprinātas tā, lai no nākamās nevienādības sekotu iepriekšējās.",
1,3,3,0,0,ModulusFunctionProperties,Absolūtās vērtības funkcijas īpašības,,
1,3,4,0,0,ProvingInequalitiesWithOtherInequalities,Citu nevienādību izmantošana,"Zināmu nevienādību izmantošana, lai pierādītu citas nevienādības.",
1,3,4,1,0,AddingOrMultiplyingInequalities,Vairāku nevienādību saskaitīšana vai reizināšana,,
1,3,4,2,0,CauchyBunyakovsky,Košī-Buņakovska nevienādība,,
1,3,4,3,0,ChebyshevInequality,Čebiševa nevienādība,,
1,3,4,4,0,JensenInequality,Jensena nevienādība,,
1,3,5,0,0,InequalitySolvingWithRealAnalysis,Matemātiskā analīze nevienādību pamatošanā,"Funkciju pētīšana, monotonitāte, nepārtrauktība un citas analīzes metodes nevienādību pamatošanā. ",
1,3,5,1,0,RealAnalysisAndExtremes,Ekstrēma atrašana,,
1,3,5,2,0,RealAnalysisAndMonotonicity,Funkcijas monotonitāte,,
1,3,5,3,0,InequalitiesAndIntegrals,Integrāļa lietošana,,
1,3,6,0,0,InequalitiesInterpretations,Interpretācijas,Nevienādību pamatošana tās interpretējot - pārveidojot citos jēdzienos vai apzīmējumos.,
1,3,6,1,0,InequalitiesGeometricInterpretations,Ģeometriskās interpretācijas,,
1,3,6,2,0,InequalitiesProbabilisticInterpretations,Varbūtību teorijas interpretācijas,,
1,3,7,0,0,LinearOptimization,Nevienādību sistēmas; lineārā programmēšana,,
1,4,0,0,0,EquationSystems,Vienādojumu sistēmas,Vienādojumu sistēmu risināšana un atrisinājumu eksistences analīze.,
1,4,1,0,0,LinearSystems,Lineāri pārveidojumi,Lineāru vienādojumu sistēmu risināšana.,
1,4,1,1,0,BasisOfVectorSpace,Vektoru sistēmu bāzes,Lineāras telpas elementu izteikšana ar nedaudziem bāzes elementiem.    ,
1,4,1,2,0,LinearSystemsApplications,Lineāru sistēmu lietojumi,,
1,4,2,0,0,NonlinearSystems,Nelineāras sistēms,Nelineāru vienādojumu sistēmu risināšana,
1,4,2,1,0,SystemsSubstituteVariables,Ievietošanas metode,"Vienādojumu sistēmu risināšana, izsakot mainīgos vai ievietojot zināmās vērtības.",
1,4,2,2,0,SystemsApplyInequalities,Nevienādību pielietošana,,
1,4,2,3,0,SystemsCyclicSolutionMethods,Speciālās ciklisko sistēmu risināšanas metodes,,
1,4,3,0,0,SystemsOtherMethods,Dažādas metodes,,
1,5,0,0,0,AlgebraProblemsWithExtremes,Ekstrēmu uzdevumi,"Algebras uzdevumi, kuros jāatrod lielākā vai mazākā iespējamā vērtība.",
1,5,1,0,0,ExtremeProblemsAndInequalities,"Ekstrēmu uzdevumu risināšana, izmantojot nevienādības","Ekstrēmu meklēšana, izmantojot zināmas nevienādības.",
1,5,1,1,0,AmGmInequality,Nevienādība starp vidējo aritmētisko un vidējo ģeometrisko,Pozitīviem skaitļiem ģeometriskais vidējais nepārsniedz aritmētisko vidējo (vienādība t.t.t. ja visi skaitļi vienādi),
1,5,1,2,0,OtherMeanInequalities,Nevienādības starp citiem vidējiem lielumiem,"Arī vidējais kvadrātiskais (QM), vidējais harmoniskais (HM) - nevienādības, kas tos saista ar AM un GM",
1,5,2,0,0,GeometricIntepretationOfInequalities,Ģeometriskas interpretācijas lietošana,,
1,5,2,1,0,LengthOfPolygonalChain,Lauztas līnijas garums,,
1,5,2,2,0,InequalitiesForDistanceSums,Attālumu summa,,
1,5,2,3,0,InequalitiesForAreas,Laukums,,
1,5,3,0,0,IncreasingFunctionValues,Funkcijas vērtības pakāpeniska palielināšana,,
1,5,4,0,0,ReplacingFunctionWithUpperBound,Funkcijas aizstāšana ar to mažorējošu funkciju,"Nevienādības mazākās puses aizstāšana ar funkciju, kas ir tās augšējais novērtējums","""majorant function"" termins eksistē, bet parasti to lieto augstskolu analīzē un diferenciālvienādojumos"
1,5,5,0,0,FindingExtremesWithAlgorithm,"Ekstrēma atrašana, konstruējot algoritmu tā meklēšanai",,
1,5,6,0,0,FindingExtremesWithFunctionProperties,"Ekstrēma atrašana, lietojot zināmas funkcijas īpašības",,
1,5,7,0,0,FindingExtremesUsingIntegerProperties,"Ekstrēma atrašana, izmantojot naturālu skaitļu specifiskas īpašības",,
1,5,8,0,0,FindingExtremesUsingSpecialValues,"Ekstrēma atrašana, izmantojot funkciju vērtības speciālā veidā izvēlētos punktos",,
1,6,0,0,0,AlgebraicTechniques,Algebriski un analītiski tehniskie paņēmieni,"Uzdevumi, kuros jaunu mainīgo ievietošana, identiski pārveidojumi un arī nevienādību pastiprināšana ir būtiska atrisinājuma sastāvdaļa. Arī citas situācijas, kurās ievietojot piemērotas izteiksmes, var izmantot kādu zināmu rezultātu.",https://problems.ru/view_by_subject_new.php?parent=672
1,6,1,0,0,CompletingTheSquare,Pilnā kvadrāta atdalīšana,,https://problems.ru/view_by_subject_new.php?parent=956
1,6,2,0,0,MethodOfInfiniteDescent,Pazemināšanas metode,,https://problems.ru/view_by_subject_new.php?parent=676
1,6,3,0,0,WorkingBackwards,Risināšana no beigām,,https://problems.ru/view_by_subject_new.php?parent=677
1,6,4,0,0,DoubleCounting,Saskaitīšana divos veidos,"Metode, kas pierāda izteiksmju vienādību, pamatojot, ka to var saskaitīt divos veidos.",https://problems.ru/view_by_subject_new.php?parent=678
1,6,5,0,0,PartitioningInPairsBijections,"Sadalījums pāros vai grupās, bijekcijas",,https://problems.ru/view_by_subject_new.php?parent=679
1,6,6,0,0,IterationMethod,Iterācijas,,https://problems.ru/view_by_subject_new.php?parent=680
1,6,7,0,0,ApplyingAlgebraicProcedures,Algebriski procesi un operācijas,,https://problems.ru/view_by_subject_new.php?parent=681
1,6,8,0,0,CaseAnalysis,Gadījumu pārlase,,https://problems.ru/view_by_subject_new.php?parent=682
1,6,9,0,0,ReplacingVariables,Mainīgo ieviešana,,https://problems.ru/view_by_subject_new.php?parent=1193
1,6,10,0,0,InvolutionTransformationsInAlgebra,Simetrija un involūcijas pārveidojumi,,https://problems.ru/view_by_subject_new.php?parent=692
1,7,0,0,0,NumericSequences,Skaitļu virknes,Aritmētiskā progresija. Ģeometriskā progresija. Rekurentas skaitļu virknes. Galīgas un bezgalīgas summas,
1,7,1,0,0,ArithmeticAndGeometricSeries,Aritmētiskās un ģeometriskās progresijas,,
1,7,1,1,0,SeriesMembersSumsClosedFormulas,Vispārīgā locekļa un summas formulas,,
1,7,1,1,1,SeriesOneToNSum,Summa $1+2+\ldots+n$,Formula $1+2+\ldots+n = \frac{n(n+1)}{2}$ un lietojumi,
1,7,1,1,2,SeriesArithmeticSum,Citu aritmētisku progresiju summas,,
1,7,1,1,3,SeriesGeometricFinite,Galīgas ģeometriskas progresijas summa,,
1,7,1,1,4,SeriesGeometricInfinite,Bezgalīgas ģeometriskas progresijas summa,,
1,7,1,2,0,SeriesInterpretations,Interpretācijas,,
1,7,1,3,0,SequenceSplittingIntoProgressions,Sadalīšana progresijās,,
1,7,1,4,0,DecimalDigitsOfSeries,Progresiju locekļu decimālie cipari,,
1,7,1,5,0,ArithmeticPropertiesOfSeries,Progresiju locekļu aritmētiskās īpašības,,
1,7,1,6,0,SequenceGaps,Virknes locekļu starpības,Izmantot spriedumus par dažu virkņu kaimiņu locekļu starpībām,
1,7,1,6,1,FullPowerGaps,Pilnu pakāpju starpības,Pilnu kvadrātu atstarpes veido aritmētisku progresiju $2k+1$,
1,7,1,6,2,GeometricSeriesGaps,Ģeometriskas progresijas locekļu starpības,"Izmantot to, ka $2^n$ locekļu starpības aug ģeometriskā progresijā.",
1,7,2,0,0,RecurrentSequences,Virkņu locekļu starpības,,
1,7,2,1,0,DefiningRecurrentSequences,Rekurento virkņu sastādīšana un lietojumi skaitliska rezultāta iegūšanai,,
1,7,2,2,0,FibonacciNumbers,Fibonači skaitļi un to īpašības,,
1,7,2,3,0,RecurrentSequencesGrowthEstimates,Rekurento virkņu augšanas novērtējumi,"Raksturīgie vienādojumi, pāreja uz homogēno virkni, nevienādības virknēm",
1,7,2,4,0,RecurrentSequencesClosedFormulas,Rekurento virkņu vispārīgo locekļu formulas,Pāreja no rekurencēm uz slēgtām formulām ,
1,7,3,0,0,SequencePeriodicity,Periodiskums un neperiodiskums,"Virkņu periodiskuma pamatošana, arī izmantojot rekurentas sakarības",
1,7,4,0,0,Monotonicity,Monotonitāte,,
1,7,5,0,0,SubsequenceSystems,Apakšvirkņu sistēmas,,
1,7,6,0,0,RepetitiveFragmentsInSequenceSystems,Fragmentu atkārtošanās virkņu sistēmās,,
1,7,7,0,0,ArbitrarySequencesInequalities,Nevienādības patvaļīgām virknēm,,
1,7,8,0,0,SequencesAndMeanValues,Skaitļu virknes un vidējās vērtības,,https://www.nms.lu.lv/fileadmin/user_upload/lu_portal/projekti/nms.lu.lv/Gramatas/Tematiskie/VidVeertMet_1996.pdf
1,7,8,1,0,ProvingFinitenessOfSomeProcess,"Uzdevumi, kuros jāpierāda, ka kāds process ir galīgs",,
1,7,8,2,0,DecomposingSumIntoInfinitelyManyParts,Summas sadalīšana bezgalīgi daudzos saskaitāmajos,,
1,7,8,3,0,ComparingConceptsOfinfinity,Dažādas bezgalības izpratnes un to salīdzināšana,,
1,8,0,0,0,RealAnalysis,Reālā analīze,"Nepārtrauktas funkcijas, reālās analīzes metodes, robežas, atvasinājumi, integrāļi",
1,8,1,0,0,ComputingLimits,Robežas aprēķināšana,,
1,8,1,1,0,LimitDefinitionAndProperties,Definīcija un pamatīpašības,,
1,8,1,2,0,TheoremsAboutLimits,Teorēmas par robežām,,
1,8,1,3,0,InequalitiesAsVariableApproachesLimit,Robežpāreja nevienādībās,,
1,8,1,4,0,IterativeProcesses,Iteratīvi procesi,,
1,8,2,0,0,AdvancedCounting,Summu aprēķināšana,,
1,8,2,1,0,CreatingLinearCombinations,Lineāru kombināciju veidošana,,
1,8,2,2,0,TelescopicSums,Teleskopiskā metode,,
1,8,2,3,0,CountingBackAndForth,"Skaitīšana ""turp-atpakaļ""",,
1,8,2,4,0,AbelFormula,Ābela formula,,
1,8,2,5,0,GeneratingFunctions,Veidotājfunkciju metode,,
1,8,2,6,0,InterpretationsInCounting,Interpretācijas,,
1,8,2,6,1,CombinatorialNumbers,Kombinatoriskie skaitļi,,
1,8,2,6,2,GeometricInterpretationsInCounting,Ģeometriskās interpretācijas,,
1,8,2,6,3,OtherInterpretationsInCounting,Speciālas interpretācijas,,
1,8,3,0,0,StudyingContinuousFunctions,Nepārtrauktu funkciju pētīšana,,
1,8,4,0,0,UsingIntegrals,Integrāļa pielietojumi,,
1,8,5,0,0,ExtremeProblemsForRealFunctions,Ekstrēmu uzdevumi,,
1,8,6,0,0,NumberSets,Dažādas skaitļu kopas,"Naturāli, veseli, racionāli, reāli skaitļi; reālu skaitļu kopas pilnība",
1,8,6,1,0,IrrationalNumbers,Iracionāli skaitļi,Rezultāti par skaitļu racionalitāti un iracionalitāti,
1,8,6,2,0,QuadraticFields,Kvadrātiskie lauki,"Skaitļu lauki $\mathbb{Q}[\sqrt{d}]$, kas rodas pievienojot racionāliem skaitļiem $\sqrt{d}$",
1,8,7,0,0,AnalysisMethods,Matemātiskās analīzes metodes,Analītisku metožu lietošana citu veidu uzdevumos,https://problems.ru/view_by_subject_new.php?parent=675
1,8,7,1,0,UsingContinuity,Nepārtrauktības izmantošana,"Funkciju nepārtrauktibas īpašību izmantošana, tsk. teorēma par starpvērtību.",https://problems.ru/view_by_subject_new.php?parent=688
1,8,7,2,0,UsingCommensurability,Samērojamības izmantošana,"Uzdevumi par skaitļu racionālām un iracionālām attiecībām, iespēju izteikt vienus skaitļus kā citu skaitļu lineāru kombināciju.",https://problems.ru/view_by_subject_new.php?parent=689
1,8,7,3,0,UsingMonotonicityAndBoundedness,Monotonitātes un ierobežotības izmantošana,Funkciju monotonitātes un ierobežotības izmantošana. Teorēma par monotonas un ierobežotas funkcijas robežu. ,https://problems.ru/view_by_subject_new.php?parent=690
1,8,7,4,0,UsingSmallPerturbations,Mazo izmaiņu metode,,https://problems.ru/view_by_subject_new.php?parent=691
1,8,7,5,0,OtherAnalysisMethods,Citas analīzes metodes,,https://problems.ru/view_by_subject_new.php?parent=857
1,9,0,0,0,FunctionalEquations,Funkcionālvienādojumi,"Funkcionālvienādojumi, viena argumenta funkciju un vairākvietīgu operāciju aksiomas un interpretācijas",
1,9,1,0,0,FunctionalEquationsInDiscreteSets,Funkcionālvienādojumi veseliem un racionāliem skaitļiem,,
1,9,1,1,0,CreatingEquationSystems,Vienādojumu sistēmu veidošanas metode,,
1,9,1,2,0,InequalitiesForFunctionalEquations,Nevienādību lietošana,,
1,9,1,3,0,FunctionalEquationsReduction,Reducēšanas metode,,
1,9,1,4,0,ModelsForDiscreteFunctionalEquations,Modeļu veidošana,,
1,9,1,5,0,LinearRecurrences,Lineāru rekurenču atrisināšana,Rekurentās sakarības ar konstantiem koeficientiem un to atrisināšana,
1,9,2,0,0,FunctionalEquationsForRealFunctions,Reālu funkciju funkcionālvienādojumi,Funkcionālvienādojumi reālo skaitļu kopā,
1,9,2,1,0,CauchyEquationsAndRelated,"Košī vienādojumi un vienādojumi, kas uz tiem reducējas",,
1,9,2,2,0,EquationsDescribingElementaryFunctions,Elementāro funkciju funkcionālvienādojumi,Klasisko elementāro funkciju raksturīgākie funkcionālvienādojumi un to pielietojumi,
1,9,2,3,0,AuxiliaryFunctionMethod,Palīgfunkcijas metode,,
1,9,2,4,0,InequalitiesForRealFunctionalEquations,Nevienādību lietošana,,
1,9,2,5,0,ContinuityForFunctionalEquations,Nepārtrauktības īpašības izmantošana,,
1,9,2,6,0,AdditiveFunctions,Aditīvas funkcijas,,
1,9,2,7,0,ModelsForRealFunctionalEquations,Modeļu veidošana,,
1,9,3,0,0,MultiargumentOpearationsAsAxioms,Vairākvietīgo operāciju aksiomātiskie apraksti,,
1,9,3,1,0,DerivingNewPropertiesFromOthers,Vienu īpašību secināšana no citām,,
1,9,3,2,0,UniquelyDeterminedOperations,Operāciju viennozīmīga noteikšana,,
1,9,3,3,0,ModelsForMultiargumentOperations,Modeļu veidošana,,
1,9,4,0,0,InterpretingAxiomSystems,Aksiomu sistēmu interpretācijas.,,
2,0,0,0,0,Combinatorics,Kombinatorika,Visi uzdevumi par kombinatoriku,
2,1,0,0,0,CountingObjects,Objektu skaitīšana,"Noskaidrot, cik veidos var izvēlēties pārstāvjus, cik veidos var izdarīt kādas specifiskas darbības. Noteikt, cik veidos var sakārtot kādas kopas vai apakškopas elementus.",
2,1,1,0,0,CountingSetSizes,Kopu elementu skaitīšana ar vienkāršu aritmētiku,"Reizināšanas, saskaitīšanas, atņemšanas un dalīšanas likumi.",
2,1,1,1,0,RuleOfProduct,Reizināšanas likums kombinatorikā,"Ja pirmajā solī ir $a$ izvēles, bet otrajā solī (neatkarīgi no pirmā soļa) ir $b$ izvēles, tad pavisam var veikt $a \cdot b$ izvēles. (Kopu valodā - ja kopā $A$ ir $a$ elementi, bet kopā $B$ ir $b$ elementi, tad to Dekarta reizinājums $A \times B$ satur visus pārīšus un šīs kopas elementu skaits ir $a \cdot b$.) ",
2,1,1,2,0,RuleOfSum,Saskaitīšanas likums kombinatorikā,"Ja var izdarīt vai nu kādu no $a$ dažādām izvēlēm vai kādu no $b$ dažādām izvēlēm (bet nevar tās kombinēt), tad pavisam ir $a+b$ izvēles. (Kopu valodā - ja $A$ un $B$ ir kopas bez kopīgiem elementiem, tad to apvienojumā $A \cup B$ ir $a+b$ elementi.)",
2,1,1,3,0,RuleOfDivision,Dalīšanas likums kombinatorikā.,"Reizināšanas likuma variants, ja to pašu elementu ieskaita atkārtoti. Šajā gadījumā reizināšanas likuma rezultātu dala ar to skaitu, cik reizes katrs elements ieskaitīts. (Piemēram, aprēķinot permutācijas ar atkārtojumiem, rezultātu dala ar atkārtojamo elementu faktoriāliem.)",
2,1,1,4,0,SubtractionRule,Atņemšanas likums kombinatorikā.,"Kopu $A$ un $B$ starpībā $A-B$ elementu skaits ir $|A| - |A \cap B|$, t.i. tas samazinās par $|A \cap B|$ jeb abu kopu šķēlumu. ",
2,1,2,0,0,MethodOfRecurrentRelations,Rekurento sakarību metode kombinatorikā,"Variantu skaitīšana, izmantojot rekurentas sakarības.",
2,1,2,1,0,LinearRecurrencesConstant,Lineārās rekurentās sakarības ar konstantiem koeficientiem,"Variantu skaitīšana, izmantojot homogēnas lineāras rekurences.",
2,1,2,2,0,LinearRecurrencesVariable,Lineārās rekurentās sakarības ar mainīgiem koeficientiem,"Variantu skaitīšana, izmantojot rekurences ar homogēno un nehomogēno daļu.",
2,1,2,3,0,NonlinearRecurrences,Nelineāras rekurentas sakarības,"Variantu skaitīšana, izmantojot nelineāras rekurences.",
2,1,3,0,0,SetTraversalOrganization,Pārlases organizācija,Kopas elementu pārlasīšana sistemātiskā veidā.,
2,1,4,0,0,CountingSetOperations,Elementu skaitīšana kopu operācijās,"Elementu saskaitīšana kopu šķēlumos, apvienojumos, starpībās.",
2,1,4,1,0,EulerVennDiagrams,Eilera un Venna diagrammu izmantošana kopas aprakstam,"Eilera-Venna diagrammas, attēlojot dažādas kopu piederības kombinācijas.",
2,1,4,2,0,InclusionExclusionPrinciple,Ieslēgšanas – izslēgšanas formula,"Ieslēgšanas izslēgšanas princips. Piemēram, divu kopu gadījumā $|A \cup B| = |A| + |B| - |A \cap B|$ un līdzīga kopu apvienojuma izteikšana ar dažādiem kopu šķēlumiem.",
2,1,4,3,0,OtherCountingSetOperations,Cita kopu operāciju saskaitīšana,"Dažādu kopu operāciju aprēķināšana, pieskaitot un atņemot to šķēlumus vai apvienojumus.",
2,1,5,0,0,InterpretationMethodInCounting,Interpretāciju metode skaitīšanā,"Objektu saskaitīšana, izmantojot interpretāciju metodi - iekodējot elementus noteiktā veidā. ",
2,1,5,1,0,RemaindersInCombinatorics,Paritāte un citi atlikumi interpretācijās ar skaitīšanu,Atlikumu izmantošana kombinatoriskos interpretāciju uzdevumos. ,
2,1,5,2,0,SymmetryInCounting,Simetrija interpretācijās ar skaitīšanu,"Simetrijas izmantošana interpretācijās. Piemēram, lai pamatotu Mazo Fermā teorēmu ($a^p - a$ dalās ar $p$), iztēlojamies $a^p$ kā dažāda veida kreļļu krāsojumu saskaitīšanu, kur $a$ ir pērlīšu krāsu skaits, bet $p$ ir pērlīšu skaits cikliskā krellē. Tad ir tieši $a$ vienkrāsainās krelles, bet pārējām ir jādalās ar $p$, jo tās veido simetriskas apakškopas ar izmēru $p$. ",
2,1,6,0,0,StandardCombinatorialNumbers,Kombinatoriskie skaitļi un to īpašības,"Permutācijas, kombinācijas, variācijas ar un bez atkārtojumiem",
2,1,6,1,0,CombinatorialNumbersApplications,Interpretācijas kombinatoriskajiem skaitļiem,"Teksta uzdevumi, kas noved pie kombināciju (permutāciju, variāciju) skaitīšanas",
2,1,6,2,0,BinomialPolynomialCoefficients,Binomiālie un polinomiālie koeficienti,"Formulas, lai saskaitītu parastas kombinācijas $C^k_n$ un arī kombinācijas ar atkārtojumiem. Lietojumi Ņūtona formulā $(a+b)^n$ un arī polinomiālajā formulā, atverot iekavas garāku izteiksmju pakāpēm.",
2,1,7,0,0,CountingFromEncoding,Iekodētu virknīšu saskaitīšana,"Saskaitīt vai konstruēt kaut ko, aizpildot alfabētiskā secībā",
2,1,8,0,0,CountingUsingSymmetry,"Variantu saskaitīšana, izmantojot simetriju",Variantu saskaitīšana izmantojot simetriju kopā ar dalīšanas likumu simetrijas dēļ atmetot daļu variantu,
2,2,0,0,0,GraphProblems,Grafu uzdevumi,"Uzdevumi, kuros ir dots skaits objektu, starp katriem diviem no tiem var būt vai nebūt attiecība. Uzdevumi par draudzībām, pazīšanos, ceļiem starp pilsētām, saziņu ar vēstulēm vai pa telefonu.",
2,2,1,0,0,MathObjectsAsGraphs,Matemātisku objektu interpretācijas ar grafiem,"Bināru attiecību, svēršanas uzdevumu vai turnīru attēlošana ar grafiem.",
2,2,2,0,0,GraphVertexDegree,Uzdevumi par virsotnes pakāpi jeb kārtu.,Apgalvojums: Katrā grafā ir divas virsotnes ar vienādu kārtu.,
2,2,2,1,0,GraphVertexMaxDegree,Virsotne ar maksimālo kārtu,"Apgalvojumi, kuros izvēlas virsotni ar lielāko kārtu, lai iegūtu novērtējumus.",
2,2,2,2,0,HandshakingLemma,Rokasspiedienu lemma,"Visu grafa virsotņu kārtu summa ir $2|E|$, kur $E$ apzīmē visu šķautņu kopu.",
2,2,2,3,0,DegreesInSubgraphs,"Teorēma par to, ka eksistē apakšgrafs ar noteiktu minimālo virsotnes kārtu","Katrs grafs $G$, kurā vidējā virsotnes kārta ir vismaz $d$, satur apakšgrafu, kurā minimālā virsotnes kārta ir vismaz $\lfloor d/2 \rfloor$.",
2,2,3,0,0,DirectedGraphs,Orientēti grafi,"Orientēti grafi (grafa šķautnēm ir noteikts virziens, ko apzīmē, piemēram, ar bultiņu).",
2,2,4,0,0,PathsAndCyclesInGraphs,Ceļi un cikli grafos,"Ceļš kā savstarpēji savienojamu šķautņu virkne. Vienkāršs ceļš - tāds, kurā nekādām divām šķautnēm nav kopīgu virsotņu (izņemot tās virsotnes, kur viena šķautne virknē savienota ar nākamo šķautni). ",
2,2,4,1,0,EulerCircuits,Eilera cikla eksistence,"Eilera cikls grafā iespējams tad un tikai tad, ja grafs ir sakarīgs un tajā katras virsotnes kārta ir pāra skaitlis. (Eilera ceļš, kuram nav jābeidzas tajā pašā punktā, kur tas sācies, pietiek, lai visu, izņemot divu virsotņu kārtas ir pāra skaitļi.)",
2,2,4,2,0,HamiltonCircuits,Hamiltona cikla eksistence,Daži Hamiltona cikla nepieciešamie nosacījumi. ,
2,2,4,3,0,GraphDecompositionInCircuits,Grafa šķautņu sadalīšana ciklos,"Grafa šķautņu nokrāsošana vairākās krāsās tā, lai katra krāsa veidotu ciklu. ",
2,2,4,4,0,BipartiteGraphsCycles,Divdaļīgi (bipartite) grafi,Divdaļīgo grafu nepieciešamais un pietiekamais nosacījums - grafā nav ciklu ar nepāra garumu.,
2,2,4,5,0,GraphAugmentationWithRestrictions,Uzdevumi par pieaudzēšanu ar ierobežojumiem,"Kāds ir mazākais skaits šķautņu, kas jāpievieno grafam, lai tas kļūtu sakarīgs (vai k-connected - katras divas virsotnes savienotas ar k ceļiem bez kopīgām virsotnēm) vai tajā rastos Eilera cikls. Arī otrādi - kāds mazākais skaits šķautņu, kas jāpārgriež, lai grafā nebūtu nepāra ciklu, lai tas kļūtu divdaļīgs.",
2,2,5,0,0,GraphConnectivity,Sakarīgi grafi un dalīšana sakarīgās komponentēs,"Sakarīgs grafs (*connected graph*), kurā starp katrām divām virsotnēm ir ceļš. ",
2,2,6,0,0,Trees,Koki,"Apgalvojumi par neorientētiem kokiem bez definētas saknes. Sakarīgs grafs bez cikliem satur tieši $m=n-1$ šķautnes (par vienu šķautni mazāk nekā virsotņu). Kokā pārgriežot jebkuru šķautni, rodas divi komponenti (kas arī ir koki, ja vientuļu virsotni arī uzskatām par ""koku"").",
2,2,7,0,0,GraphTraversal,Grafu apstaigāšana,"DFS (*Depth first search* jeb apstaigāšana dziļumā), BFS (*Breadth first search* jeb apstaigāšana platumā), koku un patvaļīgu grafu apstaigāšana.",
2,2,8,0,0,PlanarGraphs,Planārie grafi,"Grafi, kurus var attēlot plaknē bez šķautņu krustošanās. ",
2,2,8,1,0,GraphPlanarityConditions,Planaritātes nosacījumi,"Grafa planaritātes nosacījumi. Planārs grafs nesatur $K_5$ vai $K_{3,3}$ kā apakšgrafus. ",
2,2,8,2,0,EulerFormulaPlanarGraphs,Eilera formula un tās secinājumi,Eilera formula planāriem grafiem: $E = V+F-2$ un tās sekas,
2,2,9,0,0,GraphColoringAndLabeling,Grafa virsotņu vai šķautņu krāsošana vai apzīmēšana,Virsotņu vai šķautņu izkrāsošanas uzdevumi. Ramseja teorija. Simbolu virkņu vai svaru pierakstīšana grafa virsotnēm vai šķautnēm.,
2,2,9,1,0,GraphsWithColoredEdges,Grafi ar krāsainām šķautnēm,"Uzdevumi par pazīstamiem/nepazīstamiem cilvēkiem vai citām situācijām, kur pilna grafa šķautnes izkrāsotas vairākās krāsās. Ramseja teorēma. Ramseja skaitļi pilniem grafiem. Piesātināti grafi. Vispārināti Ramseja skaitļi. Ramseja uzdevumi nepilniem grafiem. ",
2,2,9,2,0,GraphColoredVertices,Grafi ar krāsainām virsotnēm,Grafu virsotņu krāsošana. Četru krāsu teorēmai līdzīgi rezultāti.,
2,2,9,3,0,GraphEnumeration,Grafu numerācijas,"Grafa virsotņu vai šķautņu numerēšana ar veseliem skaitļiem, ievērojot noteiktus ierobežojumus.",
2,2,9,3,1,GracefulLabeling,Graciozie grafi,"Gracioza virsotņu numurēšana grafā: Grafā ar $m$ šķautnēm piešķirt virsotnēm atšķirīgus numurus no $0$ līdz $m$ tā, lai katras šķautnes galapunktu numuru starpības būtu dažādas pēc absolūtās vērtības un pieņemtu visas vērtības no $[1;m]$. ",
2,2,9,3,2,MagicGraphs,Maģiskie grafi,"Grafi, kuru šķautnes var sanumurēt ar naturāliem skaitļliem no $1$ līdz $m$ tā, lai katrai virsotnei pievienoto šķautņu numuru summa būtu viena un tā pati. ",
2,2,9,4,0,MinMaxTheorems,Minimaksa teorēmas,Vairākas teorēmas par optimālām konfigurācijām grafos.,
2,2,9,4,1,HallMarriageTheorem,Holla teorēma,"Holla teorēma par nepieciešamo un pietiekamo nosacījumu, lai divdaļīgā grafā eksistētu maksimālais sapārojums.",
2,2,9,4,2,DilworthLemmaAndTheorem,Dilvorsa lemma un Dilvorsa teorēma,"Ja daļēji sakārtota kopa satur $m \cdot n + 1$ elementus, tad tajā var atrast
vai nu ķēdi, kuras garums ir $m + 1$, vai antiķēdi, kuras garums ir $n + 1$ (un citi radniecīgi rezultāti).",https://www.nms.lu.lv/fileadmin/user_upload/lu_portal/projekti/nms.lu.lv/Gramatas/Tematiskie/VidVeertMet_1996.pdf
2,2,9,4,3,KonigTheorem,Kēniga teorēma,Kőnig-a teorēma par grafu maksimāliem sapārojumiem: Katrā divdaļu grafā šķautņu skaits maksimālā sapārojumā ir vienāds ar virsotņu skaitu minimālajā virsotņu pārklājumā.,Atdalīta Kēniga un Erdeša-Sekereša teorēmas. Nevarēju atrast Kēniga-Rado teorēmu ar Google.
2,2,9,4,4,ErdosSzekeresTheorem,Erdeša-Šekereša teorēma,"Naturāliem skaitļiem $r$, $s$ un katrai virknei ar vismaz $(r − 1)(s − 1) + 1$ reāliem skaitļiem ir vai nu monotoni augoša apakšvirkne garumā $r$, vai arī monotoni dilstoša apakšvirkne garumā $s$. ",
2,2,9,5,0,MeanValueInGraphAnalysis,Vidējā vērtība bezgalīgiem grafiem,"Vidējā vērtība un citu novērtējumu izmantošana, apskatot bezgalīgus grafus. ",https://www.nms.lu.lv/fileadmin/user_upload/lu_portal/projekti/nms.lu.lv/Gramatas/Tematiskie/VidVeertMet_1996.pdf
2,3,0,0,0,Games,Spēles,"Dots, ka divi spēlētāji spēlē spēli, pārmaiņus izdarot. Jāizstrādā uzvarošā stratēģija kādam no spēlētājiem vai jānoskaidro, kurš no spēlētājiem uzvar, pareizi spēlējot. Šajā kategorijā neietilpst skaitļu teorijas spēles, kur gājieni ir veselu skaitļu vai to ciparu manipulācijas.",
2,3,1,0,0,GamesSymmetry,Spēles ar simetriju,Simetrijas izmantošana spēļu analīzē. Spēles ar tiešu simetriju. Spēles ar vispārinātu simetriju. ,
2,3,2,0,0,GameModelCreation,Spēles modeļa veidošana,"Spēles, kurās no apraksta jāizveido spēles modelis, kuru vieglāk analizēt nekā sākotnējo spēli.",
2,3,2,1,0,GameModelAsGrid,Spēles modelis rūtiņu režģī,Spēles ar skaitļu pāru pārveidošanu (NIM varianti ar divām kaudzītēm u.c.); to vizualizācija ar pārvietojumiem Dekarta plaknē. ,
2,3,2,2,0,GameModelAsGraph,Spēles modelis grafā,"Spēles pozīciju attēlošana ar grafu, tsk. lēmumu pieņemšanas grafu (*decision graph*)",
2,3,3,0,0,GamesWithBackground,Spēles ar priekšvēsturi. Eppa-Fērgusona teorēma,"Spēles, kurās nedrīkst atkārtoties neviena no agrāk bijušām pozīcijām vai līdzīgas spēles, kurām jāuzkrāj agrāk bijušie stāvokļi. Susan Epp un Thomas S. Ferguson rezultāti. Markova procesi. ",Šis punkts nav atrodams olimpiāžu literatūrā. Fergusons ir saistīts ar šo? https://www.cs.cmu.edu/afs/cs/academic/class/15859-s05/www/ferguson/comb.pdf
2,3,4,0,0,WinningStrategyCleanProofs,Tīrie uzvarošās stratēģijas eksistences pierādījumi,"Nosacījumi, pie kuriem kombinatoriskai spēlei eksistē uzvarošā stratēģija.",
2,3,5,0,0,GameInvariant,Spēles invariants,"Spēles, kurās uzvarošo stratēģiju var pamatot, izmantojot invariantu (kādu īpašību, kuru spēlētājs ar uzvarošo stratēģiju vienmēr var atjaunot). ",
2,3,6,0,0,ProbabilisticGames,Varbūtiskās spēles,"Varbūtiskas spēles un spēles, kuru rezultātu noteiktai divu spēlētāju gājienu kombinācijai nosaka tabulveida matrica. ",
2,3,7,0,0,ContinuousGames,Nepārtrauktās spēles,"Spēles, kuru pozīcija nav viegli aprakstāma ar kombinatoriskām struktūrām.",
2,3,7,1,0,FairDivisonGames,Taisnīgas dalīšanas spēles,"Kā ""taisnīgi"" sadalīt torti (vai laupījumu utml.), ja drīkst veikt noteikta veida dalīšanu - ar šķirošanu daļās, taisniem griezieniem utml. ",
2,3,7,2,0,ChasingGames,Ķeršanas spēles,"Spēles, kur viens spēlētājs ķer otru, pārvietojoties ģeometriskā figūrā.",
2,3,7,3,0,TopologicalGames,Topoloģiskas spēles,"Spēles, kurās spēlētāji pēc kārtas izvēlas intervālus vai punktus, cenšoties konverģēt uz noteiktu robežu. ",
2,4,0,0,0,SystemsAndStructures,Kombinatoriskas struktūras,Izvietojumi uz šaha galdiņa. Apakškopu sistēmas. Apakšvirkņu sistēmas. Paskāla trijstūris. Turnīri. Regulāri režģi. Latīņu kvadrāti,
2,4,1,0,0,ChessPositions,Izvietojumi uz šaha galdiņa,"Spēles pozīcijas šahā; torņu, laidņu, dāmu, zirdziņu utt. izvietojumi. ",
2,4,2,0,0,SystemsOfSubsets,Apakškopu sistēmas,Kā saskaitīt visas kādas kopas apakškopas ar noteiktām īpašībām.,
2,4,3,0,0,SystemsOfSubsequences,Apakšvirkņu sistēmas,Kā saskaitīt virknes ar noteiktām īpašībām.,
2,4,4,0,0,PascalTriangle,Paskāla trijstūris,Paskāla trijstūra īpašības un to interpretācijas binomiālajiem koeficientiem $C_n^k$. ,
2,4,5,0,0,SpecialLattices,Īpaši režģi,"Hiperkubi un līdzīgas struktūras ar ""regulārām"" (globāli aprakstāmām) īpašībām un elementu savstarpējām sakarībām.",
2,4,6,0,0,LatinSquares,Latīņu kvadrāti,"Kvadrāti $n \times n$, kas aizpildīti ar $n$ dažādu veidu simboliem tā, lai katrs simbols katrā rindiņā un katrā kolonnā parādītos tieši vienreiz. ",
2,5,0,0,0,CombinatorialAlgorithms,Kombinatoriski algoritmi,Kombinatoriski algoritmi un to lietojumi procedūru veidošanai kā arī kombinatoriskiem uzdevumiem vispār.,
2,5,1,0,0,RangingTournaments,Kārtošanas turnīri,"Adaptīvi salīdzināšanas algoritmi, kuros nākamās salīdzināšanas izvēlas atkarībā no iepriekšējo salīdzināšanu rezultāta",
2,5,1,1,0,TournamentWithTopOne,Uzvarētāja noskaidrošana,"$n-1$ salīdzināšanas, lai no $n$ elementiem atrastu lielāko",
2,5,1,2,0,TournamentWithTopTwo,Čempiona un vicečempiona noskaidrošana,"$n + \lceil \log_2(n) \rceil - 1$, lai no $n$ elementiem atrastu divus lielākos",
2,5,1,3,0,TournamentWithTopThree,"Čempiona, vicečempiona un bronzas medaļas īpašnieka noskaidrošana",Trīs lielāko elementu atrašana nesakārtotā masīvā,
2,5,1,4,0,TournamentFullOrdering,Monotonu turnīru pilnīga sakārtošana,Vajadzīgas vismaz $\lceil \log_2(n!) \rceil$ salīdzināšanas jeb aptuveni $n \cdot \log_2 n$,
2,5,2,0,0,InformationPropagation,Informācijas izplatīšanās uzdevumi,Vienkārši paralēlie algoritmi un to sarežģītības apakšējie un augšējie novērtējumi ,
2,5,3,0,0,InformationEncoding,"Kodēšana, ",Kodēšana kā injektīva funkcija no objektiem uz burtu virknītēm,
2,5,4,0,0,SearchProblems,Dažādi meklēšanas uzdevumi,Algoritmiski meklēšanas uzdevumi,
2,5,5,0,0,AlgorithmLooping,Ieciklošanās,Spriedumi par algoritmu ieciklošanos,
2,6,0,0,0,LogicProblems,Loģikas uzdevumi,"Uzdevumi par patiesiem un aplamiem izteikumiem, patiesības teikšanu un melošanu. Uzdevumi ar apslēptu informāciju. Paradoksi.",
2,6,1,0,0,TrueAndFalseStatements,Uzdevumi par izteikumu patiesumu,"Uzdevumi, kur izteikti vairāki apgalvojumi un jāanalizē, kuri (vai cik) no tiem var būt patiesi. ",
2,6,2,0,0,ProblemsWithHiddenInformation,Uzdevumi ar apslēptu informāciju,"Uzdevumi, kur jānoskaidro apslēptā informācija, uzdodot jautājumus noteiktā formā.",
2,6,3,0,0,Paradoxes,Paradoksi,"Loģikas uzdevumi, kur jāpamato neparasti apgalvojumi vai jāatrod secinājumos kļūdas.",
2,7,0,0,0,DiscreteProbability,Diskrētās varbūtības,"Atrast varbūtības izmantojot klasisko varbūtības definīciju. Aprēķināt notikumu varbūtības, izmantojot reizināšanas likumu un citus kombinatorikas paņēmienus. Nosacītas varbūtības un spriedumi par operācijām ar diskrētiem gadījumlielumiem (kuri var pieņemt sanumurējami daudz vērtību).",
2,7,1,0,0,CombiningEvents,Notikumu un to kombināciju varbūtības,Notikumu varbūtību noteikšana ar Laplasa varbūtības definīciju,
2,7,2,0,0,ConditionalProbability,Nosacītā varbūtība,Nosacītā varbūtība un Beiesa formula,
2,7,3,0,0,DiscreteRandomVariables,Diskrētie gadījumlielumi,"Gadījumlielumi, to sadalījuma un blīvuma funkcijas, darbības ar tiem",
2,7,3,1,0,DiscreteRandomVariablesMoments,Gadījumlieluma vidējās vērtība un dispersija,Gadījumlieluma aprakstīšana ar vidējo vērtību n ,
2,7,3,1,1,IndependentRandomVariables,Neatkarīgu gadījumlielumu īpašības,$E(X+Y)$ un $V(X+Y)$ formulas,
2,7,3,1,2,RandomVariableInequalities,Markova un Čebiševa nevienādības,Apgalvojumi par gadījumlieluma novirzi no savas vidējās vērtības,
2,7,3,2,0,KnownDistributions,Pazīstami varbūtiskie sadalījumi,"Bernulli, binomiālais, Puasona, logaritmiskais, ģeometriskais, hiperģeometriskais, Zipfa, Benforda sadalījumi",
3,0,0,0,0,Geometry,Ģeometrija,"Ģeometrijas tēmas; Apgalvojumi un sakarības par vienkāršām figūrām, kas iegūstamas ar cirkuli un lineālu Eiklīda plaknē un to kongruences vai līdzības pārveidojumiem",
3,1,0,0,0,AnglesAndTriangleSimilarity,Leņķi un līdzīgi trijstūri,"Uzdevumi, kuros jāpierāda, ka kādas taisnes vai nogriežņi ir paralēli vai perpendikulāri. Uzdevumi, kuros dota vai jāpierāda nogriežņu garumu attiecība vai leņķu vienādība. Uzdevumi par līdzīgiem trijstūriem vai līdzīgiem daudzstūriem un to malu garumu vai laukumu attiecībām.",
3,1,1,0,0,AnglesParallelLines,"Nogriežņi, kurus krusto paralēlas taisnes","Leņķi un paralēlas taisnes: blakusleņķi (linear pairs), krustleņķi (vertical angles), kāpšļu leņķi (corresponding angles), iekšējie un ārējie leņķi (interior and exterior angles)",
3,1,2,0,0,SimilarTriangleSideRatio,Līdzīgu trijstūru malu attiecība,,
3,1,3,0,0,SimilarTriangleAreaRatio,Līdzīgu trijstūru laukumu attiecība,,
3,1,4,0,0,UsingEqualTriangles,Trijstūru vienādības pierādījuma lietojums,,
3,1,5,0,0,TriangleFromAltitudeFeet,"Trijstūris, ko nosaka augstumu pamati",,
3,1,6,0,0,SimilarShapes,Līdzīgas figūras,,
3,2,0,0,0,Circle,Riņķa līnijas,"Uzdevumi par riņķa līnijām un to hordām, pieskarēm, ievilktiem leņķiem.Punkti uz riņķa līnijas. Riņķa līnijā ievilkts trijstūris, četrstūris, daudzstūris. Leņķis riņķa līnijā. Ievilkta riņķa līnija. Apvilkta riņķa līnija.",
3,2,1,0,0,CircleAnglesTangents,Riņķa līniju pieskares,,
3,2,2,0,0,IntersectingChordsTheorem,Hordu garumu reizinājums.,,
3,2,3,0,0,CircleInscribedAngles,"Leņķi, kas balstās uz vienādiem lokiem",Izmantot riņķī ievilkta leņķa īpašības,
3,2,4,0,0,AngleBetweenChords,Leņķis starp divām hordām,,
3,2,5,0,0,AngleBetweenTangentChord,Leņķis starp pieskari un hordu,,
3,2,6,0,0,ExpressingArcChordByAngle,Loka un hordas izteikšana ar leņķi,"Attiecības starp leņķa lielumu un loka un hordas garumiem, kas saistīti ar leņķi",
3,2,7,0,0,FourPointsOnCircle,Četri punkti uz vienas riņķa līnijas,,
3,2,8,0,0,InscribedAngleAndSimilarTriangles,Ievilkts leņķis un līdzīgi trijstūri,,
3,2,9,0,0,BisectorDividingArcInTwo,Bisektrise sadala loku uz pusēm,,
3,2,10,0,0,CyclicQuadrilateralDiagonalAngle90,Ievilkts četrstūris ar perpendikulārām diagonālēm,,
3,2,11,0,0,TwoTangentsFromSinglePoint,"Divas pieskares, kas novilktas no viena punkta",,
3,2,12,0,0,TangentCircles,"Riņķa līnijas, kas pieskaras",,
3,2,13,0,0,ThreeEqualCircles,Trīs riņķa līnijas ar vienādu rādiusu,,
3,2,14,0,0,ThreeCircumscribedCirclesIntersecting,Trīs apvilktas riņķa līnijas krustojas vienā punktā,,
3,2,15,0,0,CircleInscribedInCircularSegment,Segmentā ievilktas riņķa līnijas,,
3,2,16,0,0,RadicalAxis,Radikālā ass,,
3,3,0,0,0,Triangle,Trijstūris,"Uzdevumos dots trijstūris un ar to saistīti punkti vai taisnes, vai riņķa līnijas. Trijstūris un tā ievilktā un apvilktā riņķa līnija. Taisnleņķa trijstūri. Vienādmalu trijstūris.  Vienādsānu trijstūri. Trijstūri ar leņķiem $60^{\circ}$ vai $120^{\circ}$.Trijstūri, kuru malu garumi ir veseli skaitļi.  Ar trijstūri saistītas līnijas un ģeometriskas sakarības.  Menelaja teorēma. Čevas teorēma. Simsona taisne. Pēdas punktu trijstūris. Eilera taisne un deviņu punktu riņķa līnija. Brokāra punkti . Lemuāna punkts.",
3,3,1,0,0,TriangleMetric,Metriskas sakarības trijstūrī,,
3,3,1,1,0,TriangleAngles,Trijstūra leņķu sakarības,Izmantot trijstūra iekšējo un ārējo leņķu sakarības,
3,3,1,2,0,TriangleArea,Laukuma formulas,Izmantot trijstūru laukuma formulas,
3,3,1,2,1,TriangleAreaFromBaseAltitude,Trijstūra laukums ar pamatu un augstumu,Izmantot trijstūra laukuma formulu $S=\frac{ah}{2}$,
3,3,1,2,2,TrinagleAreaFromSidesAndAngle,Trijstūra laukums ar malām un leņķi,Izmantot trijstūra laukuma formulu $S=\frac{1}{2}ab \sin \gamma$,
3,3,2,0,0,TriangleIncircleCircumcircle,Trijstūris un tā ievilktā un apvilktā riņķa līnija,,
3,3,3,0,0,TrianglesSpecial,Speciālu veidu trijstūri,Izmantot noteiktu trijstūru apakškopu īpašības,
3,3,3,1,0,TrianglesRight,Taisnleņķa trijstūri,,
3,3,3,2,0,TrianglesEquilateral,Vienādmalu trijstūris,Izmantot vienādmalu trijstūru īpašības,
3,3,3,3,0,TrianglesIsosceles,Vienādsānu trijstūri,Izmantot vienādsānu trijstūru īpašības,
3,3,3,4,0,TrianglesWithAngles60or120,Trijstūri ar leņķiem $60^{\circ}$ vai $120^{\circ}$,,
3,3,3,5,0,TrianglesWithIntegerSides,"Trijstūri, kuru malu garumi ir veseli skaitļi",,
3,3,4,0,0,TriangleCongruence,Vienādības pazīmes,Izmantot trijstūru vienādības pazīmes,
3,3,5,0,0,TriangleAugmenting,Jaunu konstrukciju pievienošana trijstūrim,Ar trijstūri saistītas ģeometriskas sakarības un konstrukcijas un to lietojumi,
3,3,5,1,0,MenelausTheorem,Menelaja teorēma,,
3,3,5,2,0,CevaTheorem,Čevas teorēma,,
3,3,5,3,0,SimsonLine,Simsona taisne,,
3,3,5,4,0,PedalTriangle,Pēdas punktu trijstūris,,
3,3,5,5,0,EulerLineAndNinePointCircle,Eilera taisne un deviņu punktu riņķa līnija,,
3,3,5,6,0,BrocardPoints,Brokāra punkti,,
3,3,5,7,0,LemoinePoint,Lemuāna punkts,,
3,4,0,0,0,Quadrilaterals,Četrstūris,Kvadrāts. Taisnstūris. Rombs. Trapece. Ievilkti četrstūri. Apvilkti četrstūri. Ptolemaja teorēma.,
3,4,1,0,0,SpecialQuadrilaterals,Speciāli četrstūru veidi,,
3,4,1,1,0,Square,Kvadrāts,Izmantot kvadrātu ģeometriskās īpašības,
3,4,1,2,0,Rectangles,Taisnstūris,Izmantot taisnstūru ģeometriskās īpašības,
3,4,1,3,0,Rhombus,Rombs,Izmantot rombu ģeometriskās īpašības,
3,4,1,4,0,Parallelograms,Paralelograms,Izmantot paralelogramu ģeometriskās īpašības,
3,4,1,5,0,Trapezoids,Trapece,Izmantot trapeču ģeometriskās īpašības un laukuma formulu,
3,4,1,6,0,CyclicTangentialQuadrilaterals,Ievilkti un apvilkti četrstūri,,
3,4,1,7,0,PtolemyTheorem,Ptolemaja teorēma,,
3,4,1,8,0,QuadrilateralsOther,Pārējie uzdevumi par četrstūriem,,
3,5,0,0,0,Polygons,Daudzstūris,Piecstūri. Sešstūri. Regulāri daudzstūri. Ievilkti un apvilkti daudzstūri. Patvaļīgi izliekti daudzstūri. Paskāla teorēma. Helli teorēma. Ieliekti daudzstūri. Izoperimetriskā nevienādība.,
3,5,1,0,0,PolygonPerimeter,Daudzstūra perimetrs,Daudzstūra perimetra atrašana un novērtējumi,
3,5,2,0,0,PolygonAnglesSum,Daudzstūra iekšējo leņķu summa,Izmantot daudzstūru leņķu summas sakarību $180^{\circ}(n-2)$ un citas leņķu sakarības,
3,5,3,0,0,Pentagons,Piecstūri,,
3,5,4,0,0,Hexagons,Sešstūri,,
3,5,5,0,0,PolygonRegular,Regulāri daudzstūri,Regulāru daudzstūru īpašības un elementi,
3,5,6,0,0,InscribedCircumscribedPolygons,Ievilkti un apvilkti daudzstūri,,
3,5,7,0,0,ConvexPolygons,Patvaļīgi izliekti daudzstūri,,
3,5,8,0,0,PascalTheorem,Paskāla teorēma,,
3,5,9,0,0,HellyTheorem,Helli teorēma,,
3,5,10,0,0,ConcavePolygons,Ieliekti daudzstūri,,
3,5,11,0,0,IsoperimetricInequality,Izoperimetriskā nevienādība,,
3,6,0,0,0,Area,Laukums,"Laukumu aprēķināšana. Četrstūra laukuma formulas. Laukumi trijstūriem vai citām figūrām, kurās ir sadalīts daudzstūris. Vienlielas figūras. Mediāna sadala trijstūri vienādu laukumu trijstūros. Taisnes un līknes, kas sadala figūras vienlielās daļās. Laukumu pārgrupēšana.",
3,6,1,0,0,ComputingArea,Laukumu aprēķināšana,,
3,6,2,0,0,QuadrilateralArea,Četrstūri un laukumi,,
3,6,2,1,0,QuadrilateralAreaExpressions,Četrstūra laukuma formulas,,
3,6,2,2,0,QuadrilateralDivideIntoTrianglesArea,"Laukumi trijstūriem, kuros ir sadalīts četrstūris",,
3,6,2,3,0,QuadrilateralDIvideIntoShapesArea,"Laukumi figūrām, kuras iegūst, sadalot četrstūri",,
3,6,3,0,0,ShapesOfSameArea,Vienlielas figūras,,
3,6,3,1,0,MedianDividingAreaInHalf,Mediāna sadala trijstūri vienādu laukumu trijstūros,,
3,6,3,2,0,LinesAndCurvesDividingAreaInHalf,"Taisnes un līknes, kas sadala figūras vienlielās daļās",,
3,6,4,0,0,UsingAreaInSolution,Laukuma izmantošana uzdevumu risinājumos,,
3,6,5,0,0,RegroupingAreas,Laukumu pārgrupēšana,,
3,7,0,0,0,PlaneConstructions,Konstrukcijas uzdevumi,"Uzdevumi, kuros doti specifiski trijstūra elementi un, izmantojot cirkuli un lineālu, jākonstruē trijstūri. Uzdevumi, kuros doti konkrēti punkti un/ vai nogriežņi, taisnes, leņķi vai riņķa līnijas un nepieciešams konstruēt trijstūri, četrstūri, leņķi, taisni, staru vai riņķa līniju, izmantojot cirkuli un lineālu. Iespējami arī uzdevumi, kuros ļauts izmantot tikai lineālu, divpusēju lineālu vai uzstūri (taisnleņķa lineālu). Citi konstrukcijas uzdevumi.",
3,7,1,0,0,ConstructingInscribedAngle,Ievilkta leņķa konstruēšana,,
3,7,2,0,0,ConstructingTriangles,Trijstūru konstruēšana,,
3,7,2,1,0,SimilarTriangles,Līdzīgu trijstūru un homotētijas attēlu konstruēšana,,
3,7,2,2,0,ConstructingTrianglesFromElements,Trijstūru konstruēšana no to elementiem,,
3,7,2,3,0,ConstructingTrianglesFromPoints,Trijstūru konstruēšana no to īpašajiem punktiem,,
3,7,3,0,0,ConstructingQuadrilaterals,Četrstūru konstruēšana,,
3,7,4,0,0,ConstructingCircles,Riņķa līniju konstruēšana,,
3,7,5,0,0,CirclesOfApollonius,Apolonija riņķa līniju konstruēšana,,
3,7,6,0,0,ConstructingUnusual,Konstrukcijas plaknē ar neparastiem līdzekļiem,,
3,7,6,1,0,ConstructingWithRulerOnly,"Konstrukcijas, kas izmanto tikai lineālu",,
3,7,6,2,0,ConstructingWithDoubleSidedRuler,Konstrukcijas ar divpusēju lineālu,,
3,7,6,3,0,ConstructingWithSetSquare,Konstrukcijas ar taisnleņķa lineālu,,
3,7,6,4,0,ConstructingWithCompassOnly,"Konstrukcijas, kas izmanto tikai cirkuli",,
3,7,6,5,0,ConstructingOtherTools,Konstrukcijas plaknē ar citiem līdzekļiem,,
3,7,7,0,0,ConstructionsTriangulate,Triangulācija,Veikt daudzstūru triangulāciju,
3,8,0,0,0,Locus,Punktu ģeometriskā vieta,"Uzdevumi, kuros jāatrod punktu ģeometrskā vieta vai trajektorija. Atrast punktu kopu plaknē ar noteiktām īpašībām.  Pierādīt, ka dotajā veidā iegūtie punkti ir uz vienas taisnes vai vienas riņķa līnijas. Pierādīt, ka dotās līnijas krustojas vienā punktā. Karno teorēma.",
3,8,1,0,0,LocusLineOrSegment,Punktu ģeometriskā vieta – taisne vai nogrieznis,,
3,8,2,0,0,LocusCircleOrArc,Punktu ģeometriskā vieta – riņķa līnija vai loks,,
3,8,3,0,0,InscribedAngle,Ievilkts leņķis,,
3,8,4,0,0,AuxiliaryTrianglesEqualOrSimilar,Vienādi vai līdzīgi palīgtrijstūri,,
3,8,5,0,0,Homothety,Homotētija,,
3,8,6,0,0,LocusMethod,Punktu ģeometriskās vietas metode,,
3,8,7,0,0,LocusWithNonzeroArea,Punktu ģeometriskā vieta ar nenulles laukumu,,
3,8,8,0,0,CarnotTheorem,Karno teorēma,"$P_a, P_b, P_c$ ir trīs perpendikulu pamati pret trijstūra malām $a, b, c$. Šie trīs perpendikuli krustojas vienā punktā tad un tikai tad, ja izpildās vienādība $|AP_c|^2+|BP_a|^2+|CP_b|^2=|BP_c|^2+|CP_a|^2+|AP_b|^2$",
3,8,9,0,0,FermatApolloniusCircles,Fermā-Apolonija riņķa līnija,,
3,9,0,0,0,MetricComputations,Metriskās sakarības,"Uzdevumi, kuros ģeometrisku apgalvojumu pamato ar algebrisku vai trigonometrisku izteiksmi. Uzdevumi, kuros dota sakarība starp ģeometriskiem lielumiem un jāpierāda, ka tā nav atkarīga no punkta vai taisnes izvēles. Uzdevumi, kuros jāpierāda nogriežņu vienādība vai jāaprēķina to attiecība. Uzdevumi, kuros jāaprēķina leņķi vai attālumi. Sinusu teorēma, kosinusu teorēma. Koordinātu izmantošana. Ievilkto, apvilkto un pievilkto riņķa līniju rādiusi. Malu, augstumu, bisektrišu garumi. Trijstūra leņķu sinusi un kosinusi. Trijstūra leņķu tangensi un kotangensi.",
3,9,1,0,0,SineTheorem,Sinusu teorēma,"Teorēma $\frac{a}{\sin \alpha} = \frac{b}{\sin \beta} = \frac{c}{\sin \gamma} = 2R$, kur $a,b,c$ ir trijstūra malas; $\alpha, \beta, \gamma$ ir trijstūra leņķi un $R$ ir trijstūrim apvilktā riņķa rādiuss.",
3,9,2,0,0,CosineTheorem,Kosinusu teorēma,,
3,9,3,0,0,IncircleCircumcircleExcircle,"Ievilktās, apvilktās, pievilktās riņķa līnijas","Ievilktās, apvilktās un pievilktās riņķa līnijas, to rādiusi",
3,9,4,0,0,LengthsOfSidesAltitudesBisectors,"Malu, augstumu, bisektrišu garumi",,
3,9,5,0,0,TriangleAnglesSineCosine,Trijstūra leņķu sinusi un kosinusi,,
3,9,6,0,0,TriangleAnglesTangentCotangent,Trijstūra leņķu tangensi un kotangensi,,
3,9,7,0,0,ExpressingAngles,Leņķu aprēķināšana,,
3,9,8,0,0,Circles,Riņķa līnijas,,
3,9,9,0,0,CoordinateMethod,Koordinātu metode,,
3,9,10,0,0,TrigonometricInterpretations,Trigonometriskās interpretācijas,,https://problems.ru/view_by_subject_new.php?parent=683
3,10,0,0,0,GeometricInequalities,Ģeometriskas nevienādības,"Pierādīt, ka kāds attālums nepārsniedz citu attālumu vai citu ģeometrisku nevienādību.",
3,10,1,0,0,TriangleInequality,Trijstūra nevienādība,,
3,10,2,0,0,InequalitiesForTriangleElements,Nevienādības trijstūra elementiem,,
3,10,2,1,0,InequalitiesForTriangleMedians,Nevienādības trijstūra mediānām,,
3,10,2,2,0,InequalitiesForTriangleAltitudes,Nevienādības trijstūra augstumiem,,
3,10,2,3,0,InequalitiesForTriangleBisectors,Nevienādības trijstūra bisektrisēm,,
3,10,2,4,0,InequalitiesForSides,Nevienādības malu garumiem,,
3,10,2,5,0,InequalitiesIncircleCircumcircleExcircle,"Ievilkto, apvilkto, pievilkto riņķa līniju nevienādības",,
3,10,2,6,0,InequalitiesTriangleAngles,Nevienādības starp trijstūra leņķiem,,
3,10,2,7,0,InequalitiesTriangleArea,Nevienādības trijstūra laukumam,,
3,10,2,8,0,LongestSideLargestAngle,Pret garāko malu ir lielākais leņķis,,
3,10,2,9,0,SegmentWithinTriangle,Nogrieznis trijstūra iekšpusē,Jebkurš nogrieznis trijstūra iekšpusē ir īsāks par garāko malu,
3,10,2,10,0,InequalitiesRightTriangle,Nevienādības taisnleņķa trijstūrī,,
3,10,2,11,0,InequallitiesAcuteTriangle,Nevienādības šaurleņķa trijstūrī,,
3,10,2,12,0,TriangleAreaAndHalfproductOfSides,Trijstūra laukums un $\frac{1}{2}ab$,Trijstūra laukums nepārsniedz divu malu reizinājuma pusi,
3,10,3,0,0,QuadrilateralSumOfDiagonals,Četrstūra diagonāļu garumu summa,,
3,10,4,0,0,AreaInequalities,Laukumu nevienādības,,
3,10,5,0,0,AreaForEnclosedShapes,"Laukums, ja viena figūra atrodas citā",,
3,10,6,0,0,PolygonalChainsInSquare,Kvadrātā ievilktas lauztas līnijas,,
3,11,0,0,0,MaxMinProblems,Ekstrēmi ģeometrijā,"Uzdevumi, kuros jāatrod punkti, no kuriem attālumi vai attālumu summas veido maksimālo jeb lielāko vai minimālo jeb mazāko kādas izteiksmes vērtību. Uzdevumi, kuros jāatrod lielākais iespējamais leņķis. Uzdevumi, kuros jāatrod minimālais vai maksimālais laukums.Uzdevumi, kuros jāatrod punkta vai taisnes stāvoklis, pie kura tiek iegūts minimālais vai maksimālais laukums.",
3,11,1,0,0,MaxMinInTriangle,Trijstūris,,
3,11,2,0,0,MaxMinExtremePoints,Trijstūra ekstremālie punkti,,
3,11,3,0,0,MaxMinAngles,Leņķis,,
3,11,4,0,0,MaxMinQuadrilateral,Četrstūri,,
3,11,5,0,0,MaxMinPolygons,Daudzstūri,,
3,11,6,0,0,MaxMinRegularPolygons,Regulāro daudzstūru ekstremālās īpašības,,
3,11,7,0,0,PigeonholePrincipleInGeometry,Ģeometriski novērtējumi ar vidējo vērtību,,https://www.nms.lu.lv/fileadmin/user_upload/lu_portal/projekti/nms.lu.lv/Gramatas/Tematiskie/VidVeertMet_1996.pdf
3,11,7,1,0,MaxDistancePolygonVertices,Maksimālais attālums starp daudzstūra punktiem,,https://problems.ru/view_by_subject_new.php?parent=353
3,11,7,2,0,PolygonalChainVerticesSegments,Lauztas līnijas virsotņu un posmu īpašības,,
3,11,7,3,0,EstimatingSums,Summu novērtēšanas metodes,,
3,11,7,3,1,SumsDirectEstimates,Tieši summu novērtējumi,,
3,11,7,3,2,SumEstimatesOverlaps,Summu novērtējumi un pārklāšanās; apkārtnes jēdziens.,,
3,11,7,3,3,SumEstimatesTriangleInequality,Summu novērtējumi un trijstūra nevienādība,,
3,11,7,4,0,GrahamPollakTheorem,R.Greiama teorēma,,Ir vairākas Greiama teorēmas; nezinu vai šī ir īstā
3,11,7,4,1,BaricenterCoordinates,Smaguma centra koordinātas,,
3,11,7,6,0,BaricenterAsMeanValueVariant,Smaguma centrs kā vidējās vērtības jēdziena variants,,
3,11,7,7,0,PigeonholeForAreasAndVolumes,Dirihlē princips laukumam un tilpumam,,https://problems.ru/view_by_subject_new.php?parent=354
3,11,8,0,0,MeanValueForInfiniteSets,Metodes pielietojumi bezgalīgām kopām,,https://www.nms.lu.lv/fileadmin/user_upload/lu_portal/projekti/nms.lu.lv/Gramatas/Tematiskie/VidVeertMet_1996.pdf
3,11,8,1,0,ReplacingInfiniteSetWithFiniteSet,Bezgalīgas kopas aizstāšana ar lielu galīgu kopu,,
3,11,8,2,0,PartitioningInfinityIntoFinitelyManyParts,Bezgalīgu kopu sadalīšana galīgā skaitā daļu,,
3,11,8,3,0,TheIntegerMeanForSegmentProjection,Nogriežņa projekcijas integrālā vidējā vērtība,,
3,12,0,0,0,Vectors,Vektori,Visi uzdevumi par vektoriem. ,
3,12,1,0,0,VectorsAsPolygonSides,"Vektori, ko veido daudzstūru malas","Daudzstūra malas var uzskatīt par vektoriem; tad slēgtā lauztā līnija, ko apraksta daudzstūris, rodas tikai tad, ja visu malu vektoru summa ir nulles vektors.",
3,12,2,0,0,ScalarProduct,Skalārais reizinājums. Attiecības,"Skalārais reizinājums definēts kā $|a| \cdot |b| \cdot \cos \gamma$, kur $\gamma$ ir leņķis starp vektoriem $a$ un $b$.",
3,12,3,0,0,VectorInequalities,"Nevienādības vektoru garumiem, laukumiem u.c.","Vektori ļauj ieviest dažus skalārus lielumus (vektoru garumus, skalāro reizinājumu, laukumu, ko veido divu vektoru noteikts paralelograms). Tie apmierina vairākas nevienādības, no kurām pazīstamākā ir trijstūra nevienādība. Vektoru izteiksmē tā ir $|a+b| \leq |a| + |b|$. ",
3,12,4,0,0,VectorSums,Vektoru summas,Vektoru summēšana. Ģeometrisku elementu izteikšana ar vektoru summām (varbūt arī par noteiktu leņķi pagrieztu vai projicētu vektoru summām).,
3,12,5,0,0,AuxiliaryProjections,Palīgprojekcijas,"Vektoru projicēšana, piemēram, uz divām perpendikulārām taisnēm. Vektora izteikšana ar abu tā projekciju summu. ",
3,12,6,0,0,VectorsMeanValueMethod,Vidējās vērtības metode vektoriem,,
3,12,7,0,0,PseudoScalarProduct,Pseidoskalārais reizinājums.,"Pseidoskalārais reizinājums definēts kā $|a| \cdot |b| \cdot \sin \gamma$, kur $\gamma$ ir leņķis starp vektoriem $\mathbb{a}$ un $\mathbb{b}$. Tas apraksta paralelograma laukumu, ko veido abi vektori (var būt arī ar mīnusa zīmi - atkarībā no leņķa griešanās virziena).",
3,13,0,0,0,GeometricTransformations,Ģeometriskie pārveidojumi,"Paralēlā pārnese, centrālā simetrija, aksiālā simetrija. Simetrijas kompozīcijas. Simetrijas un simetrijas asu īpašības. Pagriezieni un pagriezienu kompozīcijas. Homotētija, homotētiju kompozīcijas un pagrieziena homotētija. Inversija. Afīnie pārveidojumi, projektīvās transformācijas.",
3,13,1,0,0,ParallelTranslations,Paralēlā pārnese,,
3,13,2,0,0,CentralSymmetry,Centrālā simetrija,,
3,13,3,0,0,AxisSymmetry,Aksiālā simetrija,,
3,13,3,1,0,SolutionsWithSymmetry,Uzdevumu risināšana ar simetrijas palīdzību,,
3,13,3,2,0,AxisSymmetryConstructions,Konstrukcijas ar asu simetriju,,
3,13,3,3,0,InequalitiesAndExtremesWithSymmetry,Nevienādības un ekstrēmi,,
3,13,3,4,0,CompositionsOfSymmetries,Simetrijas kompozīcijas,,
3,13,3,5,0,SymmetryAxesProperties,Simetrijas un simetrijas asu īpašības,,
3,13,4,0,0,Rotation,Pagrieziens,,
3,13,4,1,0,RotationBy90,Pagrieziens par $90^{\circ}$,"Pagriezieni par $90^{\circ}$, tsk. koordinātu ģeometrijā vai uzdevumos par rūtiņu papīru.",
3,13,4,2,0,RotationBy60,Pagrieziens par $60^{\circ}$,,
3,13,4,3,0,RotationByAnyAngle,Pagriezieni par patvaļīgiem leņķiem,,
3,13,4,4,0,CompositionsOfRotations,Pagriezienu kompozīcijas,,
3,13,5,0,0,HomothetyAndDilation,Homotētija un pagrieziena homotētija,,
3,13,5,1,0,HomotheticPolygons,Homotētiski daudzstūri,,
3,13,5,2,0,HomotheticCircles,Homotētiskas riņķa līnijas,,
3,13,5,3,0,HomothetyCompositions,Homotētiju kompozīcijas,,
3,13,5,4,0,HomothetyWithRotation,Pagrieziena homotētija,,
3,13,5,5,0,HomothetyWithRotationCenter,Pagrieziena homotētijas centrs,,
3,13,5,6,0,ComposingHomothetiesWithRotation,Pagrieziena homotētiju kompozīcija,,
3,13,6,0,0,Inversion,Inversija,,
3,13,6,1,0,InversionProperties,Inversijas īpašības,,
3,13,6,2,0,ConstructingCompassOnly,Konstrukcijas tikai ar cirkuļa palīdzību,,
3,13,6,3,0,PointAndCircleIncidence,Punktu un riņķa līniju incidence,"Punkti, kas atrodas uz vienas riņķa līnijas, un riņķa līnijas, kas iet caur vienu punktu",
3,13,6,4,0,ChainsOfCircles,Riņķa līniju ķēdes,,
3,13,6,5,0,InversionOtherApplications,Citi inversijas lietojumi,,
3,13,7,0,0,AffineTransformations,Afīnie pārveidojumi,"Afīnie pārveidojumi, ieskaitot plaknes paralēlās projekcijas",
3,13,8,0,0,ProjectiveTransformations,Projektīvās transformācijas,Centrālās projekcijas,
3,13,8,1,0,ProjectingLine,Taisnes projektīvās transformācijas,,
3,13,8,2,0,ProjectingPlane,Plaknes projektīvās transformācijas,,
3,13,8,3,0,ProjectingLineToInfinity,Pārveidosim doto taisni uz bezgalību,,
3,13,8,4,0,ProjectionsPreservingCircle,"Projekcijas, kas saglabā riņķa līniju","Projektīvo pārveidojumu pielietošana, kas saglabā riņķa līniju",
3,13,8,5,0,ProjectingLineInConstructions,Taisnes projektīvie pārveidojumi konstrukcijās,Taisnes projektīvie pārveidojumi konstrukcijas uzdevumos.,
3,13,8,6,0,RulerOnlyImpossibleConstructions,Konstrukcijas neiespējamība tikai ar lineāla palīdzību,,
3,13,9,0,0,ConstructionsSmallMovements,Mazi ģeometriski pārvietojumi,"Izdarīt spriedumus, kuros ir ""ļoti mazi"" ģeometriski pārvietojumi",
3,14,0,0,0,SystemsGeometricObjects,Ģeometrisku objektu sistēmas,"Punktu, nogriežņu un citu ģeometrisku objektu sistēmas. Doti n punkti, jāpierāda kādas to īpašības. Jānoskaidro, vai kaut kas ir iespējams. ",
3,14,1,0,0,LayoutOfPointSystems,Punktu sistēmu ģeometriskais novietojums,,
3,14,2,0,0,LayoutOfSegmentsLinesCircles,"Nogriežņu, taišņu un riņķa līniju izvietojums",,
3,14,3,0,0,CountingPointsSegmentsAndOthers,"Punktu, nogriežņu un citu ģeometrisku objektu skaits",,
3,15,0,0,0,CuttingCoversColoring,"Griezumi, pārklājumi, krāsojumi","Uzdevumi, kuros jāsagriež daudzstūri speciāla veida daļās un tad no tām jāsaliek prasītā figūra. Uzdevumi, kuros jāpierāda, ka nevar sagriezt daudzstūri prasītā veida daļās. Uzdevumi, kuros jāpēta sagriežot iegūto daļu īpašības. Uzdevumi, kuros jānoskaidro, vai ir iespējams sagriezt daudzstūri prasītā veida daļās. Daļas var būt trijstūri, paralelogrami, rombi, trapeces. Jāsaliek var būt taisnstūris, cits daudzstūris. Uzdevumi, kuros jāpārklāj ģeometriska figūra ar citām. Te var būt nogriežņi, trijstūri, daudzstūri, riņķi. Uzdevumi par daudzstūru novietojumu plaknē tā lai tie nepārklājas. Uzdevumi par daudzstūru sagiešans rezultātā iegūto daļu  krāsošanu un par plaknes krāsojumu īpašībām.",
3,15,1,0,0,CuttingPlaneWithLines,Kā taisnes sadala plakni,"Uzdevumi par taišņu izvietojumiem plaknē, apgabaliem, kuri rodas pēc taišņu novilkšanas.",
3,15,2,0,0,CuttingInParallelograms,Sadalīšana paralelogramos.,Figūru pārklāšana ar paralelogramiem vai rombiem. ,
3,15,3,0,0,CuttingShapesSpecial,Sadalīšana daļās ar speciālām īpašībām.,,
3,15,4,0,0,CoverProblems,Figūru pārklāšanas uzdevumi,,
3,15,5,0,0,ColoringProblems,Uzdevumi par krāsojumiem,,
3,15,6,0,0,RamseyTheoryGeometry,Ramseja teorija ģeometrijā,,
3,15,6,1,0,RamseyAndPointDistances,Attālumu realizācija plaknē,,
3,15,6,2,0,RamseyAndIntegerDistances,Attālumu realizācija veselo skaitļu kopā,,
3,15,6,3,0,RamseyConfigurationsOther,Sarežģītāku konfigurāciju piemēri,,
3,16,0,0,0,IntegerLattices,Veselie režģi,"Uzdevumi, kuros tiek lietotas rūtiņu režģa virsotnes vai pieminētas veselas koordinātas. Citi uzdevumi plaknē, kas sadalīta bezgalīgi daudzos regulāros trijstūrīšos, kvadrātiņos vai sešstūrīšos.",
3,16,1,0,0,PolygonsInLattices,Daudzstūri ar virsotnēm režģa mezglos,"Daudzstūri ar veselu skaitļu koordinātēm. To piemēri, izliektības īpašības, laukums ar Pīka formulu.",
3,16,2,0,0,SquareGrid,Dažādi uzdevumi rūtiņu lapā,Izmantot rūtiņu laukuma īpašības,
3,16,2,1,0,SquareGridShapes,Figūras rūtiņu plaknē,Veidot figūriņas pa rūtiņu līnijām,
3,16,2,2,0,SquareGridCutting,Sagriešana un pārklāšana rūtiņu laukumā,Risināt rūtiņu laukumu sagriešanas uzdevumus,
4,0,0,0,0,NumTheory,Skaitļu teorija,Visi uzdevumi par skaitļu teoriju,
4,1,0,0,0,Divisibility,Skaitļu dalāmība,"Uzdevumi par dalāmības attiecību, saliktu skaitļu un pirmskaitļu pazīšana. Uzdevumi par LKD un MKD; fiksēta skaitļa visu dalītāju režģis. Skaitļa visu dalītāju skaita un summas formulas.",
4,1,1,0,0,DivisibilityRules,Dalāmības pazīmes,"Dalāmības pazīmes, kas pārbauda dalāmību vai kongruences, izmantojot skaitļa decimālpierakstu",
4,1,1,1,0,DivisibilityRulesFor2And4,"Dalāmības pazīmes ar 2, 4, 8","Skaitlis dalās ar $2**k$ tad un tikai tad, ja pēdējie $k$ cipari dalās ar $2**k$",
4,1,1,2,0,DivisibilityRulesLastDigits,Dalāmības pazīmes ar 2 un 5 reizinājumiem,"Dalāmības pazīmes, kurās pietiek aplūkot dažus pēdējos ciparus",
4,1,1,3,0,DivisibilityRulesFor3And9,Dalāmības pazīmes ar 3 un 9,Dalāmības pazīmes ar $3$ un $9$,
4,1,1,4,0,DivisibilityRuleFor11,Dalāmības pazīme ar 11,"Skaitlis dalās ar $11$ tad un tikai tad, ja ciparu summa pāru pozīcijās mīnus ciparu summa nepāru pozīcijās dalās ar 11",
4,1,1,5,0,DivisibilityRulesOther,Citas dalāmības pazīmes,Dalāmības pazīmes ar dažādiem citiem skaitļiem,
4,1,1,6,0,DivisibilityRulesForRemainders,Vispārinātas dalāmības pazīmes skaitļu atlikumiem,"Dalāmības pazīmju vispārinājumi, kas ļauj noskaidrot atlikumus. Piemēram, katrs naturāls $n$ ir kongruents ar savu ciparu summu $S(n)$ pēc 9 moduļa",
4,1,2,0,0,DivisibilityProperties,Dalāmības īpašības,Veselu skaitļu dalāmības attiecības īpašības,
4,1,3,0,0,GcdAndLcm,LKD un MKD,Lielākais kopīgais dalītājs un mazākais kopīgais dalāmais,
4,1,3,1,0,MutualPrimes,Savstarpēji pirmskaitļi,"Vienkārši secinājumi par savstarpējiem pirmskaitļiem; sakarība $\gcd(n,n+1)=1$. Skaitlis dalās ar savstarpējiem pirmskaitļiem t.t.t. ja tas dalās ar šo skaitļu reizinājumu.",
4,1,3,2,0,GcdAndLcmProperties,LKD un MKD īpašības,Formulas un sakarības ar LKD un MKD,
4,1,3,3,0,BezoutIdentity,Bezū identitāte,Vienādojuma $ax+by=d$ atrisināmība veselos skaitļos. Norēķini ar 2 veidu monētām. ,
4,1,3,3,1,ArithmeticSeriesDivisibility,Aritmētiskas progresijas dalāmība,Aritmētiskas progresijas locekļu dalāmība. Visi skaitļa daudzkārtņi veido aritmētisku progresiju.,
4,1,3,3,2,ArithmeticSeriesGaps,Daudzkārtņu atstarpes aritmētiskā progresijā,"Secināt, ka katrs $p$-tais aritmētiskas progresijas loceklis dalās ar $p$, ja $\mbox{LKD}(d,p)=1$",
4,1,3,3,3,ArithmeticSeriesAll,Aritmētiskas progresijas atlikumi,"Secināt, ka aritmētiska progresija pieņem visus atlikumus, dalot ar $p$, ja $\mbox{LKD}(d,p)=1$",
4,1,3,4,0,PythagoreanTriples,Pitagora trijnieki,Vienādojuma $a^2+b^2=c^2$ bezgalīgi daudzie veselie atrisinājumi,
4,1,4,0,0,EuclideanAlgorithm,Eiklīda algoritms,"Eiklīda algoritms $\gcd(a,b)=d$ atrašanai kā atrisinājuma sastāvdaļa; tsk. paplašinātais algoritms Bezū identitātei $ax+by=d$",
4,1,5,0,0,MultiplesInInterval,Daudzkārtņu skaits intervālā,Skaitļa $n$ daudzkārtņu skaits intervālā; arī aritmētiskas progresijas locekļu skaits kādā intervālā,
4,2,0,0,0,IntegerFactorization,Skaitļa pirmreizinātāji,"Aritmētikas pamatteorēma par dalījumu pirmreizinātājos. Uzdevumi, kas pārbauda dalāmību, tās vietā pārbaudot dalāmību ar visu pirmreizinātāju pakāpēm. Valuācija kā augstākā pirmskaitļa pakāpe, ar ko var izdalīt doto skaitli. ",
4,2,1,0,0,CanonicalFactorization,Naturāla skaitļa kanoniskais sadalījums pirmreizinātājos,"Aritmētikas pamatteorēma: Skaitļa $n$ sadalījums pirmreizinātājos $n=p_1^{k_1}p_2^{k_2}\ldots p_n^{k_n}$ ir viens vienīgs, katram pirmskaitlim $p_i$ šajā sadalījumā ir noteikta pakāpe $k_i$.",
4,2,2,0,0,FactorInMutualPrimes,Naturālas pakāpes sadalījums savstarpēju pirmskaitļu reizinājumā,"Aritmētikas pamatteorēmas izmantojums strukturālas indukcijas pierādījumos vai citās situācijās, kur skaitli $n$ izsaka kā dažādu pirmskaitļu pakāpju reizina'jumu. ",
4,2,3,0,0,DivisorNumberAndSum,Naturāla skaitļa dalītāju skaita un summas formulas,"Formulas naturāla skaitļa pozitīvo dalītāju skaita, summas vai citu pakāpju summas atrašanai. ",
4,2,4,0,0,FactorizationAndDivisibility,Dalāmība no sadalījuma pirmreizinātājos,"Pārbaudīt dalāmību un izveidot visu pozitīvo dalītāju režģi, zinot skaitļa sadalījumu pirmreizinātājos",
4,2,5,0,0,Primes,Pirmskaitļi,Dažādu ar pirmskaitļiem saistītu apgalvojumu izmantošana skaitļu teorijas uzdevumos. ,
4,2,5,1,0,PrimesInfinityProof,Pirmskaitļu kopas bezgalība,"Uzdevumi par pirmskaitļu kopas bezgalību, iteratīvu pirmskaitļu iegūšanu",
4,2,5,2,0,PrimesDistribution,Pirmskaitļu sadalījums,Eratostēna režģis un apgalvojumi par pirmskaitļu izvietojumu un atstarpēm,
4,2,5,3,0,PrimalityTests,Pirmskaitļu pārbaudes,"Algoritmi un sakarības, kas parāda, ka skaitlis ir vai nav pirmskaitlis",
4,2,5,4,0,EuclideanLemma,Eiklīda lemma,"Ja $p$ dala $ab$, tad $p$ dala $a$ vai arī $p$ dala $b$",
4,2,6,0,0,FactorizationAndProperties,Faktorizācija un skaitļu īpašības,Skaitļa īpašības atkarībā no tā sadalījuma pirmreizinātājos,
4,2,6,1,0,PrimeFactorizationAndPowers,Pilnu pakāpju noteikšana,"Pazīt pilnas pakāpes pēc tā, ka pirmreizinātāju kāpinātāji dalās ar to pašu skaitli",
4,2,6,2,0,SystemOfEqualExponents,Pakāpju pielīdzināšana,"Pārveidot veselu skaitļu vienādojumu par sistēmu, pielīdzinot pirmskaitļu kāpinātājus.",
4,3,0,0,0,NumeralSystems,Skaitīšanas sistēmas,"Veselu skaitļu decimālpieraksts un ciparu manipulācijas tajā; ieskaitot spēles ar skaitļa cipariem. Dalāmības pazīmes. Skaitļa pieraksts binārajā un dažās citās pozicionālajās sistēmās. Neparasti skaitļu kodējumi (ar Fibonači skaitļiem, ar ""negatīviem cipariem"" utt.). Decimāldaļas, periodisku daļskaitļu izteikšana ar bezgalīgas ģeometriskas progresijas summu. Neperiodiskas decimāldaļas un iracionāli skaitļi. ",
4,3,1,0,0,DecimalNotation,Decimālā skaitīšanas sistēma,Decimālpieraksta izmantošana skaitļu teorijas uzdevumos,
4,3,1,1,0,DecimalNotationDigits,Ciparu skaits,"Skaitļu salīdzinājums pēc garuma, ciparu skaits darbību rezultātos",
4,3,1,2,0,DigitsInOperationResult,Ciparu skaita novērtējums divu skaitļu summā vai reizinājumā,Novērtēt ciparu skaitu divu vai vairāku skaitļu summā,
4,3,1,3,0,PeriodicDigitGroups,Periodiskas ciparu grupas,Periodisku ciparu grupu izteikšana ar ģeometriskas progresijas summu,
4,3,1,4,0,DecimalFractions,Decimāldaļskaitļi,Skaitļa pieraksts ar galīgu vai bezgalīgu decimāldaļu,
4,3,1,4,1,RationalNumbersAsDecimal,Racionālu skaitļu decimālpieraksts,"Nosacījumi, kad racionāla daļa ir galīga, bezgalīga periodiska un bezgalīgi periodiska ar priekšperiodu",
4,3,1,4,2,ComputingPeriodicFractions,Periodisku daļu aprēķināšana,"Periodisku daļskaitļu perioda garums, skaitlisks novērtējums ar bezgalīgu ģeometrisku progresiju",
4,3,1,4,3,IrrationalNumbersAsDecimal,Neperiodiskas decimāldaļas,Spriedumi par iracionāliem skaitļiem decimālpierakstā,
4,3,2,0,0,BinaryNotation,Binārā skaitīšanas sistēma,"Skaitļu teorijas uzdevumi, kuros izmanto bināro jeb divnieku skaitīšanas sistēmu (pozicionālo sistēmu ar bāzi 2).",
4,3,3,0,0,OtherNumeralSystems,Citas skaitīšanas sistēmas,"Pozicionālās skaitīšanas sistēmas, kuru bāze nav 10 vai 2.",
4,3,4,0,0,NotationManipulate,Skaitļa pārveidojumi,"Saprast, kā mainās skaitlis, ja tajā pārvieto vai iesprauž ciparus",
4,3,4,1,0,NotationPolynomial,Decimāla izteiksme,"Izteikt skaitli ar decimālpieraksta cipariem, reizinot ar $10^k$",
4,3,4,2,0,NotationFragments,Izteikšana ar cipariem,"Izteikt skaitli gan ar cipariem, gan garākiem gabaliem",
4,3,4,3,0,NotationShift,Izteikšana divos gabalos,"Izteikt garu skaitli divos gabalos, piereizinot vienu no tiem ar $10^k$",
4,3,4,4,0,NotationInsert,Jaunu ciparu iespraušana,"Veidot jaunus piemērus, iespraužot skaitļa decimālpierakstā jaunus ciparus.",
4,3,5,0,0,NumericAlgorithms,Algoritmi veselu skaitļu darbībām,"Saskaitīšana, atņemšana, reizināšana, dalīšana stabiņā; ātrākas speciālas metodes, piemēram, skaitļu, kas beidzas ar 5, kāpināšanai kvadrātā",
4,4,0,0,0,IntegerCongruence,Kongruence pēc moduļa,"Modulārā aritmētika - saskaitīšana, atņemšana, reizināšana un kāpināšana pēc moduļa. Skaitļa multiplikatīvi inversais pēc dotā moduļa. Pazīstamas teorēmas par kongruencēm - M.Fermā teorēma, Eilera teorēma, Vilsona teorēma. ",
4,4,1,0,0,CongruenceClasses,Kongruences klases pēc fiksēta moduļa,"Kongruenču klases, ieviešot fiksēta skaitļa moduli. ",
4,4,2,0,0,ModularArithmetic,Aprēķini pēc moduļa,"Aritmētiskas darbības (saskaitīšana, atņemšana, kāpināšana) ar kongruenču klasēm jeb atlikumiem pēc moduļa.",
4,4,2,1,0,ModularParity,Aprēķini pēc moduļa 2,Paritātes izmantošana skaitļu teorijas piemēros,
4,4,2,2,0,ModularArithmeticLastDigit,Aprēķini pēc pēdējā cipara,"Modulārā aritmētika pēc 10 vai 100 moduļa, izmantojot decimālpieraksta pēdējos ciparus.",
4,4,2,3,0,ModularArithmeticOther,Aprēķini pēc citiem moduļiem,Cita modulārā aritmētika tsk. pēc mainīga moduļa. ,
4,4,3,0,0,PeriodicRemainders,Periodiskas atlikumu virknes,Atlikumu virņu periodiskums,
4,4,4,0,0,LittleFermatAndEuler,Mazā Fermā un Eilera teorēmas,Mazā Fermā un Eilera teorēmas,
4,4,5,0,0,SelectingModule,Moduļa izvēle,Piemērota moduļa izvēle uzdevumos. ,
4,4,5,1,0,ModularArithmeticContradiction,Pretrunas modulis,"Pretrunas modulis - veselu skaitļu vienādojuma aplūkošana pēc konkrēta skaitļa moduļa tā, lai iegūtu pretrunu.",
4,4,5,2,0,PrimeModules,Pirmskaitļi,Pirmskaitļu moduļa izvēlēšanās atrisinājumā.,
4,4,5,3,0,OtherModules,Dažādu moduļu izmantošana,Dažādu nepirmskaitļu moduļu izvēlēšanās atrisinājumā.,
4,4,6,0,0,CongruenceEquationsLinear,Lineāri kongruenču vienādojumi,"Lineāri kongruenču vienādojumi, risināšana, piemēram, ar inversajiem elementiem",
4,4,7,0,0,ChineseRemainderTheorem,Ķīniešu atlikumu teorēma,"Lineāru kongruenču risināšana, atrodot atlikumus pēc vairākiem savstarpējiem pirmskaitļiem. ",
4,5,0,0,0,NumTheoryTransformations,Pārveidojumi skaitļu teorijā,"Veselo skaitļu aritmētikas uzdevumi, kuru risinājumā būtiski izmantoti algebriski pārveidojumi, sadalīšana reizinātājos un citas algebriskas identitātes, mainīgo aizvietošana. Algebrisku pārveidojumu aplūkošana kopsakarā ar dalāmības apsvērumiem. ",
4,5,1,0,0,NumTheoryFactorizations,Sadalīšana reizinātājos,Dalīšana reizinātājos kā veselu skaitļu vienādojumu (un skaitļu teorijas uzdevumu) risināšanas metode. ,
4,5,2,0,0,NumTheoryEqualityToConstant,Vienādojuma pārveidošana formā $fg = c$,"Vienādojumu risināšana, to pārveidojot par reizinājumu $fg=c$. ",
4,5,3,0,0,NumTheoryEqualityToPower,Vienādojuma pārveidošana formā $fg = u^m$,"Vienādojumu risināšana, to pārveidot par reizinājumu $fg = u^m$ - piemēram par pirmskaitļa pakāpi. ",
4,5,4,0,0,NumTheoryIdentities,Identitāšu izmantošana,Algebrisku identitāšu izmantošana skaitļu teorijas uzdevumu risināšanā,
4,5,5,0,0,GeometryForDiophantineEquations,Analītiskās ģeometrijas izmantošana Diofanta vienādojumu risināšanā,"Veselu skaitļu uzdevumu risināšana, izmantojot analītisko ģeometriju un figūru vienādojumus veselās koordinātēs.",https://fs.unm.edu/JozsefSandor2.pdf
4,6,0,0,0,NumTheoryInequalityMethod,Nevienādības skaitļu teorijā,"Novērtējumi un nevienādības skaitļu teorijā, piemēram, lai samazinātu aplūkojamo gadījumu skaitu. Skaitļa kvalitatīvu īpašību izteikšana ar nevienādībām. Spriedumi par īsiem intervāliem un gariem intervāliem novērtējumos. Nevienādības no decimālpieraksta. Citi uzdevumi par novērtējumiem.",
4,6,1,0,0,NumTheoryInequalitySideComparison,Vienādojuma abu pušu salīdzināšana pēc lieluma,"Skaitļu teorijas vienādojumu un nevienādību analīze, salīdzinot abas puses",
4,6,2,0,0,NumTheoryInequalitySmallIntervals,Mazie intervāli,"Salīdzinājumi, kuri izmanto veselo skaitļu skaita ierobežotību īsos intervālos. ",
4,6,3,0,0,NumTheoryInequalityLargeIntervals,Lielie intervāli,"Salīdzinājumi, kuri saskaita veselos punktus garos intervālos.",
4,7,0,0,0,Valuation,Pirmskaitļa kārta jeb valuācija,"Valuācijas jēdziens $\nu_p(n) = k$ fiksētam pirmskaitlim $p$: Atrod lielāko $k$, kuram $n$ dalās ar $p^k$",
4,7,1,0,0,ValuationProperties,Pirmskaitļa kārtas īpašības,"$\nu_p(a+b) = \min(\nu_p(a), \nu_p(b))$, ja valuācijas atšķiras un $\nu_p(a+b) \geq \nu_p(a)$, ja $\nu_p(a) = \nu_p(b)$. ",
4,7,2,0,0,FactorizingPrimePower,Skaitļa pieraksts formā $p^k \cdot u$,"Maksimālās kāda pirmskaitļa pakāpes atdalīšana no naturāla skaitļa tā, ka $p^k \cdot u$ izteiksmē $u$ nedalās ar $p$.",
4,7,3,0,0,ValuationChange,Pirmskaitļa kārtas izmaiņas,Izmantot p-valuācijas funkcijas vērtību izmaiņas,
4,7,4,0,0,LiftingTheExponent,Kāpinātāja pacelšanas lemmas,"Valuācijas pakāpju starpībai $a^n - b^n$, ja $a - b$ dalās ar $p$",
4,7,4,1,0,LiftingTheExponentOdd,Kāpinātāja pacelšana nepāra pirmskaitlim,Kāpinātāja pacelšanas lemma (Lifting the Exponent) nepāra pirmskaitlim. ,
4,7,4,2,0,LiftingTheExponentTwo,Kāpinātāja pacelšana pie $p=2$,Kāpinātāja pacelšanas lemma (Lifting the Exponent) pirmskaitlim $p=2$. ,
4,7,5,0,0,ValuationsForFactorials,Pirmskaitļa kārta garos reizinājumos,Pirmskaitļa kārta jeb valuācija garos reizinājumos - algebriski vai kombinatoriski iegūtās izteiksmēs.,
4,7,5,1,0,LegendreFormulaFactorials,Ležandra formula,Ležandra formula: $\nu_p(n!) = \lfloor p/n \rfloor + \lfloor p/n^2 \rfloor + \ldots$,
4,7,5,2,0,KummerTheoremCombinations,Kummera teorēma par binomiālajiem koeficientiem,"Lielākā pirmskaitļa pakāpe, ar kuru dalās binomiālais koeficients izteikta ar ciparu summām",
4,7,5,3,0,LucasTheoremCombinations,Lūkas teorēma par binomiālajiem koeficientiem,"Teorēma par binomiālo koeficientu dalāmības atlikumiem (Lūkas teorēma), kas paredz $C_n^k$ ietilpstošos parametrus $k$ un $n-k$ pārveidot skaitīšanas sistēmā ar bāzi $p$. ",
4,8,0,0,0,ExamplesInNumberTheory,Pārlase un piemēri skaitļu teorijā,"Skaitļi ar neparastām īpašībām, Ķīniešu atlikumu teorēma eksistences pierādījumos. Rekurentas virknes. Veselu skaitļu un līdzīgu objektu konstruēšana ar parastu un ar strukturālu indukciju. Ātrās kāpināšanas un paplašinātais Eiklīda algoritms. Funkcionāli vienādojumi veselu skaitļu funkcijām. Gadījumu šķirošana. Skaitļa kvalitatīvu īpašību pārtulkošana par algebrisku vienādību vai kongruenci.",
4,8,1,0,0,CasesByCongruenceClass,Gadījumu pārlase pēc moduļa,Pilnā pārlase visiem atlikumiem pēc moduļa.,
4,8,2,0,0,CaseAnalysisUsingDivisibility,"Pārlases ierobežošana, izmantojot dalāmību","Pilnā pārlase visiem skaitļiem, kas ir dalītāji vai izpilda citu dalāmības prasību.",
4,8,3,0,0,CaseAnalysisUsingInequalities,"Pārlases ierobežošana, izmantojot nevienādības","Pilnā pārlase veseliem skaitļiem, izmantojot nevienādības.",
4,8,4,0,0,CaseAnalysisByDigit,Ciparu pārlase skaitļa decimālajā pierakstā,Pilnā pārlase visiem decimālpieraksta cipariem vai ciparu pozīcijām. ,
4,8,5,0,0,BuildingExamples,Piemēru konstrukcija,Skaitļu teorijas piemēru konstruēšana,
4,8,5,1,0,NumTheoryExamples,Skaitliskie piemēri,Skaitļu teorijas piemēri konkrētiem veseliem skaitļiem. ,
4,8,5,2,0,NumTheoryExpr,Algebrisko izteiksmju izmantošana,"Skaitļu teorijas piemēri, izmantojot algebriskas izteiksmes.",
4,8,5,2,1,NumTheoryExprForConcepts,Skaitļu īpašību izteikšana kvantitatīvi,"Izteikt kvalitatīvas skaitļu īpašības (dalāmi ar kko, pēc kārtas sekojoši, nepāru, pilni kvadrāti u.c.) ar mainīgo izteiksmēm",
4,8,5,2,2,NumTheoryExprVariables,Mainīgo ieviešana,"Izvēlēties nedaudzus nezināmos lielumus, ar ko piemērā izteikt citus",
4,8,5,3,0,NumTheoryExamplesDivisibility,Dalāmības īpašību izmantošana,"Uzdevumi, kuros izmantotas dažādas veselu skaitļu dalāmības īpašības.",
4,8,6,0,0,IntegerGrouping,Grupēšana,"Pierādīšanas paņēmieni, kas paredz skaitļu grupēšanu un reizinājuma (vai citas izteiksmes) novērtējumu katrā grupā atsevišķi.",
4,8,6,1,0,IntegerGroupingInPairs,Grupēšana pa pāriem; Vilsona teorēma,"Gara reizinājuma novērtēšana, sadalot reizinājumus pāros līdzīgi kā Vilsona teorēmas pierādījumā. ",
4,8,6,3,0,GroupingMoreThanPairs,Vairāku locekļu grupēšana,Vairāk nekā divu locekļu grupēšana. ,
4,8,7,0,0,Lattices,Režģi,Veselu skaitļu režģi,
4,8,7,1,0,OneDimensionalLattices,Viendimensionālie režģi,Viendimensionāli režģi skaitļu intervālos,
4,8,7,2,0,TwoDimensionalLattices,Divdimensionāla režģa apjoms,Divdimensionāli režģi taisnstūrveida apgabalos,
4,8,7,3,0,LatticePointsWithinBounds,Režģa punktu skaits ierobežotā apgabalā,Veselu skaitļu režģa punktu skaita novērtējumi plaknes vai telpas apgabalā.,
4,8,8,0,0,ConjugateNumbers,Saistītie skaitļi,Kvadrātiskie lauki un saistītie skaitļi,
4,8,8,1,0,ConjugateNumbersProperties,Saistīto skaitļu īpašības,Saistīto skaitļu īpašību izmantošana,
4,8,8,2,0,ConjugateNumberSum,Saistīto skaitļu summa,Saistīto skaitļu summa ir vesels skaitlis,
4,8,8,3,0,QuadraticFieldNorm,Skaitļa norma,Skaitļa norma kvadrātiskā laukā,
4,8,8,4,0,PellEquation,Pella vienādojums,Teorēma par Pella vienādojuma atrisinājumiem ,
4,9,0,0,0,IntegerPolynomials,Polinomi ar veseliem koeficientiem,"Polinomu algebras uzdevumi, kas izmanto to, ka koeficienti ir veseli skaitļi (vai arī polinoma vērtības veseliem argumentiem ir veseli skaitļi). Polinomu dalīšana ar atlikumu; Eiklīda algoritms polinomiem. Bezū identitāte polinomiem. Eizenšteina kritērijs par nereducējamību. Teorēma par racionālu sakni. Polinoma vērtību starpības dalāmība ar argumentu starpību.",
4,9,1,0,0,IntegerPolynomialsValues,Polinoma vērtības dažādos punktos,Veselu koeficientu polinomu vērtības,
4,9,2,0,0,PolynomialDifferenceDivisibility,Īpašība $(x -y) \mid P(x) - P(y)$,"Teorēma: Ja $P(x)$ koeficienti ir veseli skaitļi, tad visiem veseliem $x$ un $y$: $P(x)-P(y)$ dalās ar $x-y$.",
4,9,3,0,0,PolynomialLongDivision,Polinoma dalīšana ar atlikumu,"Divu polinomu dalīšana ""stabiņā""",
4,9,4,0,0,PolynomialVietaFormula,Vjeta formulu izmantošana,"Vjeta formulu izmantošana: Ja saknes ir veselas un reālas, tad ar tām var izteikt visus polinoma $P(x)$ koeficientus. ",
4,9,5,0,0,RationalRootTheorem,Polinoma racionālās saknes,"Racionālo sakņu teorēma: Ja $x=p/q$ ir $P(x)$ racionāla sakne, tad $P(x)$ vecākajam koeficientam jādalās ar $q$, bet brīvajam loceklim jādalās ar $p$. ",